id,severity,type,area,title,effort,zoo,previous,persona_file,recommendation
P01-1,P0,bug,design-system,Dual design systems still co-equal (globals.css vs Tailwind kit),L,no,U-14,01-ui-engineer.md,Inventory components still using `.panel`/`.primary-button`/`.status-pill`; migrate or wrap; mark `globals.css` product classes deprecated; single token source in `tailwind.css`; re-enable preflight last.
P01-2,P0,bug,a11y,Nested `<main>` landmarks on PageShell routes,S,no,U-13,01-ui-engineer.md,Change `PageShell` to `<div role='presentation'>` or `PageContainer`; keep a single main in AppShell only. Add a lint/test: `document.querySelectorAll('main').length === 1` on product pages.
P01-3,P0,bug,findings,Finding status `Validated` paints success-green (open exposure),S,no,U-15,01-ui-engineer.md,"Finding **status** tones: Fixed/Revalidated → fixed; Validated/New/InProgress → approval or missed (attention); never success for open validated. Keep ValidationState map careful: Validated/Exploitable/Missed are negative/attention, not “validated good.” Consider renaming StateTone `validated` → `proven` or `pass` to avoid collision with domain word Validated."
P01-4,P1,bug,design-system,"Severity color maps disagree across dashboard charts, badges, and legacy findings",M,no,U-15,01-ui-engineer.md,"One module `severityVisual.ts` with tone + chart color + optional rank stripe; Critical distinct from High (e.g. missed vs approval or dedicated critical token); Low/Informational neutral, never success-green."
P01-5,P1,bug,paths,Dead “Verify scope” href `/scopes` (no app route),S,no,U-05,01-ui-engineer.md,Point to the real scope UX (e.g. `/missions` or `/data-fabric` + hash/query); add route test that every in-app href resolves to an `app/**/page.tsx`.
P01-6,P1,improvement,nav,Dual nav configs + orphan AppNavigation (feature zoo backbone),M,yes,U-03,01-ui-engineer.md,Delete `app-navigation.ts` / `AppNavigation` after migrating any unique routes into PRIMARY_NAV or Labs list; single export; breadcrumb + command palette already depend on PRIMARY_NAV—keep it that way.
P01-7,P1,improvement,nav,Primary rail is a feature zoo (~37 destinations; Autonomous on main track),M,yes,U-16,01-ui-engineer.md,Default rail ≤10 proof-loop items; Autonomous + Intel + secondary Govern behind Labs accordion or command palette only; lifecycle filter default on until first Fixed verified remediation.
P01-8,P1,improvement,findings,Badge density turns the findings queue into a chip rail,M,yes,U-11,01-ui-engineer.md,"Collapsed row: title, priority score, **one** severity (or exploitability if worse), status text muted; secondary badges only expanded or `lg` multi-column table. Cap header severity chips to top 3 + “+N”."
P01-9,P1,improvement,design-system,Inconsistent page chrome (ad-hoc max-w-7xl vs PageShell vs breadcrumb width),M,no,U-14,01-ui-engineer.md,"One `PageContainer` (width, padding) used by shell content area; breadcrumbs full-bleed within same container; standardize eyebrow to brand or section label only (not dual colors)."
P01-10,P1,improvement,design-system,Orphan v1/v2 component twins and dual trust surfaces,M,yes,U-14,01-ui-engineer.md,"Delete unused v1 files after snapshotting unique behaviors into v2; policies page compose kit Policy panel, not full v1 dashboard clone."
P01-11,P1,improvement,mobile,"Responsive gaps: filter bars, hop tables, mobile drawer chrome",M,no,U-13,01-ui-engineer.md,Escape + focus trap + inert background on mobile nav; hop rows as stacked definition lists under `md`; reduce header badges to risk + claim on small screens; map borders to `border-line`.
P01-12,P2,improvement,design-system,"Empty states are three dialects, not one kit",M,no,none,01-ui-engineer.md,Mandate `EmptyState` | `NotConfigured` | `ErrorState` only; ban raw empty paragraphs in workbenches; document when GetStarted vs EmptyState.
P01-13,P2,bug,copy,Nav labels and page titles disagree (Findings / Validated Results / Exposure),S,yes,U-02,01-ui-engineer.md,"Single `surfaceMeta` map: `{ href, navLabel, title, eyebrow, section }`; breadcrumb/H1/metadata consume it."
P01-14,P2,improvement,engines,Tool governance page is a visual feature zoo (marketplace + packs + developer studio),M,yes,U-16,01-ui-engineer.md,Split routes: `/registries` marketplace only; developer studio under Labs/admin; evidence packs as link-out to modules/missions; max 2 badges per row.
P01-15,P2,improvement,paths,Attack path detail chrome: badge header + multi-section density without progressive disclosure,M,no,theme,01-ui-engineer.md,Sticky “path truth” strip (claim + measured hops count + primary CTA); collapse receipts/breakers behind tabs; per-hop: one eligibility badge + Measure; details in expand.
P01-16,P2,improvement,onboarding,Dual first-run systems still present in chrome,M,yes,U-09,01-ui-engineer.md,"One first-run object; rail primary CTA = same nextAction as GetStarted; Getting Started guide is deep help only, linked from GetStarted footer."
P01-17,P2,bug,design-system,"Legacy teal brand accent still in global chrome (breadcrumb separators, skip link, primary-button)",S,no,U-14,01-ui-engineer.md,Restyle breadcrumb/skip/legacy buttons to brand tokens; reserve success teal **only** for semantic success/fixed/validated-pass tones.
P01-18,P2,feature,findings,Findings UI still omits fingerprint / occurrenceCount (visual ops gap),M,no,U-11,01-ui-engineer.md,Show occurrence chip when `occurrenceCount > 1`; fingerprint mono truncated with copy; default saved view “Active” not only “All.”
P01-19,P3,innovation,design-system,Introduce a single “Claim language strip” primitive for proof-loop pages,M,no,U-02,01-ui-engineer.md,"Kit primitive `ProofStageStrip` (stage, basis Measured|Heuristic, owner, next CTA) mandatory on path/finding/remediation/mission detail; same colors as StateBadge tones; hide on Labs pages."
P01-20,P3,request,performance,Command center fires many parallel list polls (visual jank risk),L,no,none  ---,01-ui-engineer.md,Aggregate dashboard DTO endpoint or React Query shared cache with single `isFetching` banner; staggered skeletons already partially exist—unify behind one loading gate after first paint.
P02-1,P0,bug,auth,Auth recovery routes are not public — reset / invite / verify dead-end at login,S,no,U-01,02-ux-researcher.md,"Add the three recovery prefixes to `PUBLIC_PREFIXES` (and keep them in `BARE_ROUTES`). Add an e2e: unauthenticated GET `/reset-password` and `/reset-password?token=…` must render the form, not login."
P02-2,P0,bug,auth,Login ignores middleware `?next=` deep links,S,no,U-10,02-ux-researcher.md,"On successful login (and SSO return if applicable), if `next` is a same-origin relative path allow-list (not `//`, not external), `router.push(next)`; else persona home. Unit-test login with `?next=/findings`."
P02-3,P0,improvement,proof-loop,Three competing proof-loop models teach three different products,M,yes,U-02,02-ux-researcher.md,"(a) Canonical operator loop = 8 product stages everywhere (context strip, help, activation `stage` field, queue chips). (b) Rename radar aria/copy to “CTEM program stages” and never call it the proof loop. (c) Treat the 3 first-run steps as a *subset* labeled “First proof” with explicit mapping to stages. (d) Add Repeat to `PROOF_LOOP_HELP` or drop Repeat from the schema UI if not used."
P02-4,P1,improvement,onboarding,Dual onboarding: 3-step GetStarted vs 9-milestone Getting Started,M,no,U-09,02-ux-researcher.md,Single progressive checklist: steps 1–3 as primary cards; milestones 4–9 as “Complete the loop” accordion on the same surface. Primary CTA always = `activation.nextAction`. Keep `/getting-started` as deep link alias. Add rail item while `completedMilestones < totalMilestones`.
P02-5,P1,improvement,onboarding,Welcome persona wizard is a third first-run layer with weak handoff,M,no,U-09,02-ux-researcher.md,"Collapse Welcome into the first screen of the unified first-run (optional 30-second role picker above the 3 steps), or auto-default SecurityEngineer and offer Welcome as “Customize view” only. Always surface a single nextAction."
P02-6,P1,improvement,nav,"Primary rail is a feature zoo (~35 destinations, 7 groups)",M,yes,U-03,02-ux-researcher.md,"Default rail for New/Activating/SecurityEngineer: Dashboard, Integrations, Missions, Attack Paths, Findings, Remediation, Reports, Runners, Evidence, Getting started. Move Autonomous + Intel + advanced Govern to Labs (collapsed, after maturity Measured). Palette should use the same filtered set + search-all secondary."
P02-7,P1,bug,nav,Dual nav configs with divergent labels and route sets,M,yes,U-03,02-ux-researcher.md,"Single `nav-config` module; shell + palette + breadcrumbs + route contract import it. Retire `AppNavigation` or mark demo-only. Update test to assert primary rail ⊆ routes, not routes ⊆ full catalog."
P02-8,P1,bug,nav,Activating lifecycle rail omits Findings and Remediation during the critical handoff,S,no,U-09,02-ux-researcher.md,Add `/findings` and `/remediation` to ACTIVATING (and optionally NEW after first measured-capable mission). Align allow-list with ProofLoop stages Understand/Act/Verify.
P02-9,P1,improvement,onboarding,Scope lives under Missions while nav also sells “Assets & Scope”,S (rename/copy) / L (workspace merge),yes,none,02-ux-researcher.md,"Rename data-fabric nav to “Assets & ownership” (or “Asset inventory”). In GetStarted/help, say “Verify authorized scope (on Missions)” and link a dedicated scope panel anchor if one exists. Long-term: Slice 6 single Assets & Scope workspace with tabs Authorization | Inventory."
P02-10,P2,improvement,proof-loop,GetStarted progress double-counts two different scales on one bar,S,no,U-09,02-ux-researcher.md,Single primary bar for first-proof (3 steps). Secondary text link: “Full loop: n/9 — open guide.” Or one bar for 9 milestones with first three emphasized.
P02-11,P2,improvement,onboarding,Getting-started discoverability is account-menu only on the live rail,S,no,U-09,02-ux-researcher.md,"While activation incomplete, pin “Getting started” under Prove (or top of rail). Include in palette always. After Operating maturity, demote to account menu."
P02-12,P2,improvement,demo,“Explore a live sample” risks demo/real conflation next to real setup,S,no,none,02-ux-researcher.md,"Rename to “View sample report (no connection)” / “Practice with sample data.” Visually de-emphasize vs primary. On return from demo, banner: “You are back in your real workspace — sample progress does not apply.”"
P02-13,P2,improvement,handoffs,ProofLoopContext is strong but stage mapping is coarse and uneven,M,yes,U-02,02-ux-researcher.md,"Require ProofLoopContext (or compact stage chip + nextAction) on every workbench that can create evidence or tickets. Map stages from activation `currentStage` when entity-local state is ambiguous. Expand resolveProductHelp for controls, schedules, threat-*, swarm (even if “Labs: not part of first loop”)."
P02-14,P2,improvement,nav,Tenant chip looks like a switcher but is a hard link to MSSP,S,no,none,02-ux-researcher.md,If single-tenant or non-MsspOperator: static label without chevron. If multi-tenant: real switcher. Never send SecurityEngineer New tenants to MSSP as chrome default.
P02-15,P2,improvement,copy,"Label collisions across nav, H1, breadcrumbs, and legacy names",S,yes,U-03,02-ux-researcher.md,Glossary freeze: one label per href in nav config; page H1 must match or include that label. Delete Exposure/Command center dual names.
P02-16,P2,feature,onboarding,No explicit recovery path when first validation fails mid-loop,M,no,none,02-ux-researcher.md,"If maturity Activating/Measured and diagnostics contain Blocking/Attention codes, keep a compact “Resume setup” banner on dashboard (not only empty-state full page) bound to `nextAction` + failed-run diagnostic."
P02-17,P2,improvement,cognitive-load,Command center density competes with Needs you as the hero,M,yes,U-16,02-ux-researcher.md,Above-the-fold: Needs you + one primary metric row + nextAction from activation if incomplete. Collapse CTEM and charts behind “Program health” disclosure default-closed for SecurityEngineer; open for SecurityLeader executive path.
P02-18,P3,innovation,proof-loop,"Make the loop a spatial product map, not only a pill strip",L,yes,U-02  ---,02-ux-researcher.md,Replace decorative radar on first-run with an interactive stage map driven by `getProductActivationState` milestones (click stage → nextAction href). Reuse the same map component collapsed in the rail footer. Keep CTEM six-pack on Threat/Program only.
P03-1,P0,bug,security,applyPathEdgeReceipt can forge Measured without a real validation pipeline,L,no,U-06 / theme proof integrity,03-security-engineer.md,Accept receipts only from control-plane completion of `launchPathEdgeValidation` / runner submit paths; require server-side linkage of `validationRunId` + module outcome; reject client-supplied Measured upgrades. Treat the public apply endpoint as admin break-glass with dual-control or remove it.
P03-2,P0,bug,security,Dual policy gate is incomplete: startMission does not re-evaluate policy or recheck verified scope,M,no,theme dual policy gates / U-20,03-security-engineer.md,On start (and schedule fire): re-run `evaluatePolicy` with current scope + tenant flips; deny if not startable; set default `expiresAt` (e.g. 24h) on create; re-bind target/safety. Keep binding mismatch checks as secondary.
P03-3,P1,bug,security,RLS backstop enforces writes only; reads remain correct-by-convention,L,no,U-20,03-security-engineer.md,"Request-scoped `runWithTenantRls` for authenticated handlers on high-value tables (evidence, findings, remediations, attack paths, policy decisions), or selective FORCE RLS read paths with pool budgeting; CI gate: isolation matrix covers every new route."
P03-4,P1,improvement,runners,Runner mTLS fingerprint enforcement remains opt-in,S,no,U-20 / Wave C-18,03-security-engineer.md,Default-on when `PERISCAN_DEPLOYMENT_ENVIRONMENT=production`; fail deploy health check if unset; document rotation SLA; pin terminator-forwarded fingerprint headers.
P03-5,P1,bug,security,External validation SSRF guard is pre-resolve hostname only (DNS rebinding residual),M,no,U-20,03-security-engineer.md,"Shared `assertSafeOutboundUrl` with: HTTPS only, blocklist, **resolve → re-check private ranges → connect to resolved address with host header pin**, no redirects. Use for external PoA, feeds, connectors, agent discovery."
P03-6,P1,improvement,auth,API key “scopes” collapse to roles; no per-route least privilege,L,no,U-19 enterprise identity,03-security-engineer.md,"Persist fine scopes (missions:write, evidence:read, …); enforce at route layer; keep role mapping only as default ceiling."
P03-7,P1,feature,auth,No tenant force-MFA / step-up policy for privileged actions,M,no,U-19,03-security-engineer.md,"Tenant policy `requireMfa: true`; block non-MFA sessions for admin roles; step-up for destructive config (offensive/destructive flips, API keys, kill switch)."
P03-8,P1,bug,auth,Auth recovery routes gated by Next middleware (session presence),S,no,U-01,03-security-engineer.md,Add recovery/invite/verify paths to PUBLIC_PREFIXES; keep API public; honor `?next=` after login (U-10).
P03-9,P1,improvement,auth,Single HS256 secret signs sessions and report-share tokens; no kid/rotation,M,no,none,03-security-engineer.md,Separate secrets (session / report-share / intervention); add `kid` + dual-verify rotation window; store in KMS/SSM.
P03-10,P2,improvement,security,CSRF reliance on SameSite=Lax alone; no double-submit token for cookie sessions,M,no,none,03-security-engineer.md,Prefer `SameSite=Strict` for session where UX allows; add CSRF token for mutating cookie-auth routes; keep API keys Bearer-only (already).
P03-11,P2,improvement,security,Web middleware treats any cookie presence as authenticated shell,S,no,U-01 / U-10,03-security-engineer.md,"Lightweight JWT exp/nbf check in middleware (no DB), or edge call to `/me`; clear bad cookie."
P03-12,P1,bug,ai-agents,Model-gateway kill switch / anomaly / blast-radius are stubs returning safe defaults,M,yes,theme AI surface demote,03-security-engineer.md,"Wire to real tenant kill-switch storage used by runner/AI validation, or mark NotImplemented and remove from readiness claims."
P03-13,P2,improvement,security,pathEdge update in applyPathEdgeReceipt lacks tenantId in WHERE (defense-in-depth),S,no,U-20,03-security-engineer.md,"Always use compound `where: { pathEdgeId, tenantId }` (or path relation filter); prefer `updateMany` with tenant scope."
P03-14,P2,improvement,security,Fixed-without-verify is mostly closed for tickets; keep risk-band & UI honesty under regression,M,no,theme Fixed honesty,03-security-engineer.md,Single `assertRemediationFixedAllowed(verificationEvent)` chokepoint used by all writers; security test forbids Fixed without measured verification event; UI must never paint Fixed from ticket state alone.
P03-15,P2,improvement,runners,Runner egress DNS trust / IPv6 gap remains,M,no,U-20,03-security-engineer.md,"Resolve, require all addresses in approved CIDRs, dual-stack policy; optional DNS pinning from control-plane signed constraints."
P03-16,P2,improvement,security,Threat-model doc lag: claims no Prisma RLS while write-path RLS exists; understates result-signing mandate,S,no,none,03-security-engineer.md,"Refresh threat model to: write-path RLS active, reads still conventional; result signing mandatory; mTLS still opt-in."
P03-17,P2,feature,security,Secrets at rest for integrations/evidence encryption are env-optional,M,no,none,03-security-engineer.md,Fail boot in production if integration credential key missing; require evidence encryption config for GA; document key rotation.
P03-18,P2,improvement,api,`policy.denied` webhook catalog honesty (emit or remove),S,no,U-08,03-security-engineer.md,"Emit `policy.denied` on denied start/preview with tenant isolation, or remove from catalog."
P03-19,P3,improvement,ops,Rate limiter keying and trustProxy not proven in app path,S,no,none,03-security-engineer.md,Explicit `trustProxy` config in prod compose; document XFF trust only from edge; per-account lockout (already) remains primary.
P03-20,P3,innovation,security,Make PEP unavoidable: policy proxy / interceptor for all execution entrypoints,XL,no,theme safety floor    ---,03-security-engineer.md,Single `executeValidationIntent({...})` that always previews+gates+queues; forbid direct missionQueue from services; lint/architecture test that queue producers only call that chokepoint.
P04-1,P0,bug,evidence,Scorecard rates Attack Path Validation Leading while multi-hop Measured remains Partial,M,no,U-07,04-ciso.md,Immediately reclassify row 3 (and any other path/SCV rows) to Strong/Partial until Slice 3 exit criteria are green; freeze sales decks to scorecard + blind rescore date; make score gate fail on Leading without linked measured-path E2E evidence.
P04-2,P0,bug,paths,Measured multi-hop proof loop is not yet the default operator journey,L,no,"U-05, U-06; theme Slice 3",04-ciso.md,"Treat Slice 3 as the only P0 product epic for enterprise pilots: durable `hopKey`, receipts never lost on re-correlate, Measure hop end-to-end without dead CTAs, anti-fab tests for “no Measured without receipt.”"
P04-3,P0,improvement,compliance,Compliance attestation packs are thin catalogs sold adjacent to “Attestation” naming,M,no,U-24,04-ciso.md,Rename customer-facing packs to “Measured control evidence for &lt;framework&gt; (partial)” unless control coverage ≥ agreed minimum; publish coverage % per framework; never map TLPT/pen-test articles to unmeasured multi-hop; keep auditor-judgment disclaimer non-dismissible in PDF/HTML.
P04-4,P0,improvement,auth,"Enterprise IdP lifecycle incomplete (no SCIM/JIT, no force-MFA policy)",L,no,U-19,04-ciso.md,"Either ship SCIM 2.0 (or Okta/AAD group→role JIT) with deprovision SLA, or publish a sales-assisted provisioning SLA with quarterly access cert; add tenant policy `requireMfaForAllHumanUsers` / SSO-only mode enforced server-side."
P04-5,P0,bug,security,Auth recovery routes not public — account continuity broken,S,no,"U-01, U-10",04-ciso.md,Add recovery/invite/verify paths to public allow-list; honor `?next=` after login (U-10); E2E tests unauthenticated happy path.
P04-6,P1,bug,api,Webhook catalog promises `policy.denied` but never emits it; SIEM contract incomplete,M,no,"U-08, U-21",04-ciso.md,"Emit `policy.denied` on every evaluatePolicy Denied decision (with redacted payload + decision id), or remove from enum; add `remediation.verified` with outcome + evidence IDs; contract tests that every enum value has an emit path."
P04-7,P1,improvement,security,Multi-tenant isolation is strong but not default-read RLS — residual leak class,L,yes (velocity amplifies convention risk),U-20,04-ciso.md,Extend isolation matrix as CI coverage gate for every new tenant-scoped route; prefer `runWithTenantRls` for multi-query handlers; roadmap default-read RLS with connection-pool safe design; never market “RLS everywhere” until reads are bound.
P04-8,P1,improvement,security,Runner mTLS and result signing remain opt-in — provenance not production-default,M,no,U-20; theme runner provenance,04-ciso.md,"Production profile: mTLS required, result signing required for all new runners, rotation SLA documented, kill switch tested quarterly; refuse Enterprise package without these defaults."
P04-9,P1,request,security,No independent platform pen-test — vendor risk gate open,L (mostly external),no,theme enterprise buyer / security eng,04-ciso.md,"Commission annual independent pen-test (auth, multi-tenant, runner, SSRF, model gateway); publish process + summary letter; track findings to close."
P04-10,P1,feature,ops,"No customer-facing SLA, status page, or support RTO/RPO contract surface",M (process) + L (ops maturity),no,U-19,04-ciso.md,Publish status page + support tiers (P1 response hours); document RTO/RPO for control plane and evidence store; commercial MSA annex before PoR.
P04-11,P1,improvement,reports,Board / executive packs risk overclaim if fed heuristic paths,M,no,theme claim language / Slice 1 residual,04-ciso.md,"Executive pack must show Measured/Heuristic counts, fullyMeasured path ratio, and “do not treat as certification” banner; block Executive export when zero Measured paths unless explicit “hypothesis mode” watermark; regression tests for board HTML/PDF claim language."
P04-12,P1,improvement,nav,Feature zoo undermines trust — Autonomous/Swarm/MCP on primary rail before proof loop is boring,M,yes,"U-03, U-16",04-ciso.md,"Demote Autonomous/* to Labs until Fixed/Measured loop is inevitable; single nav source; persona rail for CISO/enterprise (~Dashboard, Paths, Findings, Remediation, Evidence, Reports, Schedules, Runners, Integrations, Admin)."
P04-13,P1,bug,security,Module license dual-truth creates supply-chain / legal residual,M,no,U-04,04-ciso.md,Single SPDX source of truth; license inventory gate in `pnpm verify`; customer-visible SBOM/module license export.
P04-14,P1,improvement,mssp,MSSP multi-tenant architecture exists but enterprise cross-client blast-radius packaging is incomplete,L,no,theme MSSP architecture (protect) + U-19/U-20,04-ciso.md,"Explicit MSSP security whitepaper: data plane isolation proof, role matrix, no cross-client list leakage tests as release gate; sales-assisted multi-client only after pen-test includes MSSP scenarios."
P04-15,P1,improvement,trust-safety,Trust & Safety surface is deployment-env driven — not a complete enterprise trust pack,M,no,Wave C trust pack theme,04-ciso.md,"Ship versioned Trust Center (public): subprocessors, DPA request path, regions, retention defaults, runner security model, last pen-test date; tenant UI links immutable document versions."
P04-16,P2,improvement,evidence,Audit export is admin-only JSON/CSV — not SIEM-native continuous assurance,L,no,"U-21; Blue team “not a SIEM” (agree: remain validation plane, but emit to SIEM)",04-ciso.md,Document max export window; add signed webhook events for verification + policy + auth-sensitive actions; optional OCSF/CEF mapping; SIEM sink connector (Splunk HEC / Sentinel) as first-class outbound.
P04-17,P2,improvement,remediation,Owner/SLA fields exist in schema but operational SLA discipline is not enterprise-grade,M,no,"U-11, U-12; Slice 4",04-ciso.md,Findings default Active queue with fingerprint/occurrence; remediation detail ticket create; SLA aging widgets on Executive; alert webhook when Measured critical exceeds SLA.
P04-18,P2,bug,ai-agents,Model-gateway “advanced safety” stubs must not be sold as enterprise AI governance,M,yes,U-16; Security eng residual,04-ciso.md,Remove or hard-label stub safety APIs as NotImplemented in product UI; implement real kill switch or hide Autonomous rail; never claim anomaly/blast-radius as production controls until tested.
P04-19,P2,request,gtm,No customer references — cannot complete peer diligence for PoR,XL (GTM),no,U-25,04-ciso.md,Land 2–3 design partners with reference rights under NDA; document first-session ICP protocol outcomes.
P04-20,P2,improvement,evidence,ClosedWithoutEvidence and Fixed honesty are excellent — protect and surface to executives,S,no,theme “what is excellent — protect forever”  ---,04-ciso.md,Executive and board packs must count ClosedWithoutEvidence separately from Fixed; dashboard “Needs you” should promote unverified ticket closes.
P05-1,P0,bug,engines,Fixture/sim modules stamp Validated + measured:true (sales/trust poison),M,no,U-17,05-red-teamer.md,"Enforce a module-output invariant: if `fixtureMode`/`simulated`/`dryRun` (without live tool), validationState ∈ {Inconclusive, Detected?, Logged?} — never Validated/Exploitable/Fixed as exposure proof; set `measured: false`. Add acceptance test scanning registry execute paths. Keep parser unit tests, but quarantine fixture outcomes behind `evidenceBasis: Heuristic` + UI “Fixture” badge."
P05-2,P0,bug,paths,Path edge launch never queues work — Measure hop stops at RequiresApproval mission,L,no,U-05,05-red-teamer.md,Define one explicit happy path: Eligible + Passive/ActiveNonInvasive + verified scope → create mission **and** queue hop module when policy outcome is Allowed; keep RequiresApproval for ControlledValidation+. Surface mission deep-link + “Run hop probe now” with hopKey receipt write-back. Never upgrade edge to Measured without evidence IDs (already correct).
P05-3,P0,improvement,competitive,"BAS honesty gap: Atomic is dry-run import, not control inject BAS",M,yes,U-26,05-red-teamer.md,Rebrand to “Control scenario library (dry-run)”; separate product claim “Measured control effectiveness” only when `endpoint_benign_marker_emit` / `dns_exfil_canary` / runner canary + liveTelemetry observeControl closes Detected/Missed. Keep live Atomic permanently off (AGENTS.md / SECURITY_BOUNDARIES) until a certified allowlist of non-destructive techniques exists on runner with signed results.
P05-4,P1,bug,ops,Module certification report stale (40 modules @ 2026-06-24 vs expanded registry),S,no,U-18,05-red-teamer.md,CI job `pnpm modules:certify` must regenerate report and fail on drift vs committed report + fail if any executable module is NotCertified for ship tags. Publish count and date on Registry Center UI. Exclude catalog-only sims from “Certified engines” count with explicit “Simulation catalog” bucket.
P05-5,P1,improvement,paths,Path measurement ceiling: identity & lateral hops have NoSafeModule,L,no,theme path ceiling / Slice 3,05-red-teamer.md,Ship **import + re-import verification** as Measured-for-identity: signed BloodHound CE graph ingest with collector attestation fields; never claim Exploitable from graph alone. Optional partner: Entra/AD read APIs for high-value edges. Do **not** enable live netexec/kerbrute against customer AD by default.
P05-6,P1,improvement,engines,Kill-chain “Engine” is plan-only; 7/10 stages have null safeLiveModuleId,S,yes,U-29,05-red-teamer.md,Rename; UI label “Coverage planner.” Map stages to techniques **and** evidence class (Exposure scan vs Attack action). Never auto-run engagementPlan as “kill-chain complete.” Remove 50k+ language from customer-visible toolchain strings.
P05-7,P1,feature,engines,Ransomware “emulation” is a null stage — scorecard Scaffold is correct; do not build live crypto,M (substitute) / never (live crypto),no,Slice 9 scaffolds,05-red-teamer.md,"**Never build** live encryption, shadow-copy delete, or mass file lock. **Safe substitute:** canary file write of a uniquely tagged zero-byte marker in an authorized path + EDR detect/block observe (like endpoint benign marker), labeled “ransomware *detection* canary,” not ransomware emulation. Keep scorecard Scaffold until that detection loop is live."
P05-8,P1,improvement,engines,Identity abuse modules are dry-run theater with fixture Validated escape hatch,M,no,U-17 / Slice 9,05-red-teamer.md,Keep live disabled forever unless tenant offensive tier + lab-only scope + rate-limited single-user check modules (not spray). Delete or compile-out netexec live branch. Prefer **password spray *detection*** canary (failed auth marker + IdP logs) over credential validation.
P05-9,P1,improvement,engines,OT/ICS: passive port classification is fine; fixture baseline Validated and liveSupported:true overstate pack maturity,M,no,Slice 9 id 26,05-red-teamer.md,Set `liveSupported: false` until runner implements non-disruptive profile. Fixture → Inconclusive + `partnerLabQualified` required for any customer-visible Validated OT claim. Scope tags: OT assets force maxSafetyLevel PassiveReadOnly (policy). Partner path for deeper packs.
P05-10,P1,improvement,engines,External validation limits are correct — product cannot be sold as full ASV/pentest external,S,no,U-30,05-red-teamer.md,"External workbench copy: “Authorized safe observations (headers, fingerprint, public metadata).” Explicit non-goals list. Compete on proof workflow + scope + evidence, not template count. Optional future: more **GET-only** templates still allowlisted — never generic nuclei severity packs."
P05-11,P1,bug,gtm,Scorecard inflation on Attack Path / Dynamic Paths vs measured reality,S,no,U-07,05-red-teamer.md,Blind rescore rows 3/4/23/16/21/22/26 against measured hop ratio + live inject. Cap at Partial until multi-hop Measured is default journey. Freeze Leading language in external materials.
P05-12,P2,improvement,engines,Catalog-only sims still return Validated in code — quarantine incomplete if toolchain surfaces them,S,yes,U-17,05-red-teamer.md,Single `simulationOutcome()` helper forced for catalog-only; toolchain customer strings ban 50k+/hyperattack; Registry UI section “Simulation / planning only (non-executable).”
P05-13,P2,feature,engines,Safe substitutes to build (detection canaries) vs never build (live offense),XL (program) / governance S,yes,consensus Do-not-prioritize,05-red-teamer.md,"**Build:** multi-hop safe probes + receipts; marker/canary BAS; import graph re-measure; fix re-proof; control observe closed loop; allowlisted external GET templates.     **Never build:** live ransomware encrypt; live credential spray against customer IdP; SharpHound collector in product; Metasploit exploit run; OT protocol write/modbus coil flips; uncontrolled multi-stage agent; phishing payload delivery; malware staging.     **Partner:** dark web credential monitoring (scorecard id 2), crowdsourced HITL (id 28), deep OT lab packs (id 26)."
P05-14,P2,improvement,evidence,BloodHound Validated confuses graph import with path proof,M,no,U-17,05-red-teamer.md,Use validationState `Discovered` or `Inconclusive` for import; create path hypotheses with `evidenceBasis: Heuristic`; only upgrade edges after import integrity checks + optional re-query. Fixed only after re-import shows edge absence **and** optional control/config verification.
P05-15,P2,bug,engines,Metasploit / ScoutSuite “Measured” language on fixture outputs,S,no,U-17,05-red-teamer.md,"`measured` only when tool runtime executed under signed task against verified scope; fixtures set `measured: false`, `fixture: true`. CI invariant on ModuleOutput."
P05-16,P2,improvement,competitive,Do not compete as BAS library peer — own AEV/proof narrative,S (positioning) / L (product depth),yes,U-26 / U-29,05-red-teamer.md,Positioning line for red-team buyers: “We continuously **prove the cheap links** on paths your scanners and humans found — we do not replace your annual RT or your BAS library.” Co-exist with Cymulate/AttackIQ/Pentera/Wiz/Tenable. Wave inclusion only after references + measured multi-hop.
P05-17,P2,innovation,engines,Technique-mapped “safe stage” playbooks as the only ethical kill-chain productization,M,no,theme anti-fabrication,05-red-teamer.md,"Ship ATT&CK-technique → **measurement class** table (Exposure / Detection / Config / Forbidden). For each allowed class, one default module + success criteria (Validated/Detected/Missed/Inconclusive). Export as engagement report for human RT handoff (“we proved these hops; we did not attempt these techniques — schedule RT”)."
P05-18,P3,request,security,Sales / demo guardrails for offensive modules,M,yes,theme sales misuse  ---,05-red-teamer.md,Demo tenant flag: simulation modules watermark findings “DEMO FIXTURE — NOT CUSTOMER PROOF.” Production tenants: hide catalog-only sims. Sales enablement one-pager from this audit’s build vs never-build list.
P06-1,P1,bug,findings,Findings UI never surfaces fingerprint / occurrenceCount / rootCauseSummary,M,no,U-11 | Slice 4 Findings ops,06-blue-teamer.md,"Render fingerprint (short), occurrence count, affected asset count, and root-cause line on list + expand; filter/group by fingerprint; default sort keep priority then occurrence."
P06-2,P1,improvement,findings,Findings workbench is client-side filter/paginate only — not SOC-scale queue ops,M,no,U-11 | theme findings ops,06-blue-teamer.md,"Wire listFindings query params (status, disposition, severity, search, limit/offset or cursor); server-side default “Active” = non-settled dispositions; keep saved-view URL params."
P06-3,P1,improvement,findings,No durable owner/SLA on findings except AcceptedRisk; priority-unowned is half-finished,M,no,U-11 | Practitioner Monday rail,06-blue-teamer.md,Allow optional `ownerId` (+ optional `dueAt`) on any disposition; surface owner chip on list; make priority-unowned meaningful; add “My queue” saved view.
P06-4,P2,feature,findings,FalsePositive / Suppressed dispositions are labels only — no detection-engineering feedback loop,L,no,none,06-blue-teamer.md,On FalsePositive: require reason code (module noise / scope wrong / already mitigated / correlator); optional link to control technique; emit webhook `finding.disposition_changed` already in audit — extend **webhook catalog** + dashboard FP rate by module/fingerprint; suggest Suppress-by-fingerprint for N days (policy-bound).
P06-5,P0,improvement,engines,Closed control inject→telemetry loop still hard-disabled on control-plane API,L,no,U-23-adjacent | Slice 5 Control effectiveness,06-blue-teamer.md,Ship one **policy-bound** inject path: approved ControlValidation mission → allowlisted BASLite stimulus on verified scope → observeControl window → verdict + evidence receipts. Keep Atomic/Caldera live off. UI must label dry-run vs stimulated runs.
P06-6,P1,bug,integrations,Multiple SIEM mocks stamp technique-only placeholder ControlObservations — coverage theater risk,M,no,none | Blue prior SIEM Beta note,06-blue-teamer.md,UI: always show control-source health + `mockMode` badge + evidence basis on coverage tiles. Never aggregate mock observations into executive “% covered.” Prefer non-mock or “fixture-backed detect payload” for remaining SIEMs; live-smoke gate top-5 SIEM/EDR pairs.
P06-7,P1,bug,remediation,Create ticket missing on remediation detail (API + client exist; snapshot has CTA),S,no,U-12,06-blue-teamer.md,Add “Create ticket” panel on detail when `!ticketId`; integration picker (default Jira Cloud); reuse `createRemediationTicket`; keep sync honesty (“external close ≠ Fixed”).
P06-8,P1,improvement,api,Webhook catalog too thin for SOC automation — `policy.denied` subscribeable but not emitted; no remediation.verified,M,no,U-08 | U-21,06-blue-teamer.md,"Either emit `policy.denied` on deny decisions or remove from catalog. Add `remediation.verified` (payload: outcome, measuredRevalidation, remediationId) and optionally `finding.disposition_changed`. Document payload contracts."
P06-9,P1,improvement,nav,Threat Center / Threat Feed / Signal Activity / Validation Ops / Schedules fragment one blue job,L,yes,U-23 | U-03,06-blue-teamer.md,"Merge into **Continuous Validation** hub: tabs Plan (threat+signals), Run (schedules+due), Health (runners+control sources+validation-ops metrics). Demote raw Validation Ops and Threat Feed under hub. Keep ATT&CK catalog secondary."
P06-10,P2,improvement,ops,"Schedules lack run history, failure reasons, and change-window integration depth",M,no,Slice 8 Continuous validation ops,06-blue-teamer.md,"Persist schedule run records (scheduledAt, outcome, missionId, deny reason, blackout skip); show last 10 on schedule detail; deep-link mission; optional webhook on schedule.failed."
P06-11,P2,feature,engines,Signal triggers are a fixed four-rule catalog — not customer detection content,M,no,none,06-blue-teamer.md,"Keep non-queueing approve. Add tenant-configurable enable/disable + routing (partially present) and **parameterized thresholds** (e.g. min priority, technique allowlist) before full rule DSL. Document explicitly “not a SIEM correlation engine.”"
P06-12,P1,bug,runners,Runner status stays Active while UI-only staleness is the only honesty signal,M,no,none,06-blue-teamer.md,Server-side status transition Active→Stale/Offline after threshold; block schedule dispatch with clear `runner_fleet_unhealthy`; surface on Validation Ops + Schedules prerequisites. Keep kill switch as separate control (already strong).
P06-13,P2,improvement,remediation,Fix retest module selection is keyword-family-based — measured Fixed hard for many exposures,L,no,none | protect Fixed honesty,06-blue-teamer.md,Prefer **original module set** from source mission/evidence when available; family map as fallback. UI: show “why Inconclusive” (no measured prior / module mismatch). Schedule FixVerification only when retest path can be measured.
P06-14,P1,improvement,nav,Feature zoo on primary rail crowds out the blue daily driver,M,yes,U-03 | U-16 | Wave A packaging,06-blue-teamer.md,Persona or “SOC program” rail preset: Dashboard · Missions · Paths · Findings · Controls · Remediation · Schedules · Runners · Integrations · Reports (+ Admin). Move Autonomous + MCP + Swarm + Model surfaces to Labs. Single nav source (U-03).
P06-15,P2,improvement,findings,Default view is “All” not Active/untriaged — anti-pattern for shift start,S,no,U-11 Active queue default,06-blue-teamer.md,Default `new-untriaged` or disposition=none + non-terminal validation states; persist last view per user; keep All one click away.
P06-16,P2,feature,integrations,No bi-directional SIEM case / notable close path,L,no,Competitive co-exist theme,06-blue-teamer.md,Do **not** become a SIEM. Offer optional outbound: on Escalated → create/link case (workflow connector); on FalsePositive/Suppressed → comment-only webhook. Document non-goals for bi-directional close.
P06-17,P2,improvement,evidence,Disposition keys remain findingId not fingerprint — group absorb can orphan triage decisions,L,no,U-11 | Slice 4,06-blue-teamer.md,"Slice 4 follow-up: migrate disposition unique key to `(tenantId, fingerprint)` or copy disposition onto representative and freeze member ids in metadata; UI shows “disposition inherited from group.”"
P06-18,P3,innovation,ops,Blue “shift pack” — single morning brief API + page for validated program health,M,yes (replaces sprawl with one job surface),Practitioner Monday rail | Wave A Needs you,06-blue-teamer.md,"Innovation: `/shift` or Dashboard “Blue shift” card: (1) untriaged count, (2) accepted-risk expiring 7d, (3) schedules due/failed 24h, (4) stale runners, (5) control Missed/Logged-only top techniques, (6) remediations verification-pending. One refresh, deep links only."
P06-19,P2,request,security,Practice/drill mode for kill switch + denied-task visibility in SOC runbooks,S,no,none | protect safety floor,06-blue-teamer.md,"Documented drill: issue kill switch, attempt schedule run-now, show denied/halted audit + UI; export evidence pack snippet “Safety control exercised.” Optional quarterly reminder on Trust & Safety."
P06-20,P1,improvement,compliance,Control “Logged only” / Needs tuning not auto-mobilized into findings or tickets,M,no,Slice 5  ---,06-blue-teamer.md,“Create detection-eng ticket” / remediation-style task from technique row (Logged only / Missed) via workflow connector; optional finding category ControlGap with fingerprint per technique+source.
P07-1,P0,improvement,nav,Dual navigation configs still co-exist,M,yes,U-03,07-steve-jobs.md,Single source of truth (`primary-nav`). Delete `APP_NAV_SECTIONS` / `AppNavigation` or reduce to a thin re-export. Rewrite tests against the slim daily rail + Labs map.
P07-2,P0,improvement,nav,"Primary rail is a vendor booth, not a daily tool",M,yes,U-03,07-steve-jobs.md,"Default daily rail ≤10: Dashboard · Missions · Paths · Findings · Remediation · Schedules · Runners · Integrations · Reports · Evidence (+ Admin/Trust). Everything else: Labs, Govern drawer, or persona unlock."
P07-3,P0,improvement,ai-agents,Autonomous theater on the primary rail,S–M,yes,U-16,07-steve-jobs.md,Remove Autonomous group from default rail. Rename swarm page to “Live activity” under Missions or Labs. Ban “swarm” / “autonomous agents” in H1 until real multi-agent objects exist. Keep empty honesty; kill the marketing.
P07-4,P0,improvement,copy,Three competing proof-loop vocabularies,M,no,U-02,07-steve-jobs.md,"Pick **one** 4–6 step public language (prefer essence: See → Validate → Fix → Prove → Repeat). Map CTEM internally if needed. Update radar, ProofLoopContext, dashboard, welcome outcomes, help to the same words."
P07-5,P1,improvement,onboarding,Dual first-run stories,M,yes,U-09,07-steve-jobs.md,One onboarding spine: 3 steps hero; milestones as expandable “full program checklist.” Link Getting Started from GetStarted only. Remove dual progress display or make them nested (setup ⊂ program).
P07-6,P1,improvement,design-system,Dashboard is an airport terminal,L,yes,theme: Needs you good / nav kills it,07-steve-jobs.md,"Post-activation dashboard default: (1) Needs you ≤4 cards, (2) Top path to break, (3) Fixes ready to verify / proof CTA. Collapse charts and CTEM behind “Program health.” Persona variants can add Executive tiles for leaders only."
P07-7,P1,bug,copy,Findings H1 says “Validated Results”,S,no,U-03 (label drift),07-steve-jobs.md,H1 = **Findings**. Subcopy may say “evidence-backed validated exposure.” Delete “Exposure” from any remaining config.
P07-8,P1,improvement,copy,Missions vs Validation Snapshot schizophrenia,S,no,U-02,07-steve-jobs.md,Rail: **Missions**. Artifact: “Snapshot / report” after completion. Keep PRD module name in docs; UI speaks Missions → Snapshot report.
P07-9,P1,improvement,other,Proof-loop Packs are over-abstraction,M,yes,theme: freeze surface / sell wedge (Horowitz),07-steve-jobs.md,"Kill nav entry. Surface prerequisites on Missions, External Validation, AI Apps empty states. Optionally keep `/packs` as deep-link admin readiness for MSSP — not a daily noun."
P07-10,P1,improvement,nav,Investigate group is a second product catalog,S,yes,U-03,07-steve-jobs.md,"Investigate daily: Paths, Findings, Evidence. Controls as third if BAS is ICP. External Validation / AI Apps / NHI unlock or Labs. Assets & Scope as primary only after Slice 6 ships as *the* home — until then under Operate/setup."
P07-11,P1,improvement,other,Intel triad is feature zoo,M,yes,U-23,07-steve-jobs.md,One **Threats** route with Feed | Advisories | Techniques tabs. Single deep link from Needs you.
P07-12,P1,improvement,engines,Validation Ops + Signal Activity + Missions triple home,M,yes,U-23,07-steve-jobs.md,Missions = runs. Runners = agents. Schedules under Operate (not Remediate). Demote Validation Ops / Signal Activity to tabs or Labs.
P07-13,P2,improvement,copy,Schedules filed under Remediate,S,yes,theme: copy ↔ control honesty (UI eng),07-steve-jobs.md,Move Schedules to Operate (or Prove). Remediate holds Remediation only (+ optional ticket integrations later).
P07-14,P2,improvement,design-system,First-run radar vs swarm radar = brand confusion,M,yes,U-16,07-steve-jobs.md,"Keep *one* radar: preferably first-run only. Swarm page: list + status, no fake scope theater — or a non-radar viz."
P07-15,P2,feature,onboarding,Hero loop is not productized as a guided path,L,no,theme: unify loop vocabulary / hero sentence,07-steve-jobs.md,Post-first-mission coach marks: “Open your top path” → “Disposition the finding” → “Verify the fix” → “Export proof.” Persist completion; do not invent new nav items — overlay the seven hero screens.
P07-16,P2,improvement,gtm,Compliance parked in Prove group,S,yes,none,07-steve-jobs.md,"Compliance → Govern or GRC persona allow-list only. Prove: Dashboard, Missions, Reports (and maybe Evidence)."
P07-17,P2,improvement,design-system,Lifecycle nav still teaches the full zoo via “Show all”,M,yes,U-03,07-steve-jobs.md,"Even Mature default rail stays ≤10; “Show all” reveals Labs. Persona allow-lists for Leader/GRC/MSSP are good — extend Engineer to a slim daily set, not full catalog."
P07-18,P2,improvement,copy,Assets & Scope labeled “Data fabric” in spirit,M,no,none,07-steve-jobs.md,Prefer `/scope` or `/assets` route alias; rename workbench language to Scope & assets. “Fabric” is internal only if at all.
P07-19,P2,innovation,other,One-button “Break the cheapest link” moment missing,L,no,U-05,07-steve-jobs.md,On top path card: primary CTA “Inspect weakest hop” → detail with one recommended breaker + measure/retest. Fix hop CTA deadlock first so the button never lies.
P07-20,P2,improvement,design-system,Dual workbenches / orphans multiply anti-taste,M,yes,theme: one chrome (UI eng),07-steve-jobs.md,Delete or `_archive/` orphans; one component per route; tests only on mounted surface.
P07-21,P3,improvement,gtm,Tagline stack is good — hierarchy is not,S,no,theme: one hero sentence,07-steve-jobs.md,"**Master:** Prove your defenses work. **Essence (internal + hero):** See → Break → Re-run → Prove. **Kill:** swarm-as-tagline. Use “Hacker On Your Side” only in chrome footer/marketing, not as a third product definition."
P07-22,P3,request,performance,Silent multi-fetch partial failure looks like empty peace,M,no,theme: honesty architecture  ---,07-steve-jobs.md,Degraded banner standard on every multi-fetch board; never paint empty as success without “last updated / partial.”
P08-1,P0,improvement,gtm,Force a single ICP wedge and refuse audience sprawl,S,yes,theme (Jobs hero sentence + Horowitz freeze surface),08-ben-horowitz.md,"Written GTM rule: **primary ICP = mid-market / upper-mid security leader + one engineer who runs one measured loop this week.** MSSP is expansion only after that loop is productized. AI product teams / multi-BU enterprise / GRC-first = later. Put the rule in sales kit and release notes, not just the ICP roadmap."
P08-2,P0,improvement,gtm,Wartime sales motion does not exist yet — protocol is not a pipeline,M,no,U-25 (references) + Wave A packaging themes,08-ben-horowitz.md,Wartime motion this quarter: (1) Land = Snapshot on *their* verified domain + one real connector; (2) Weapon = measured fix-verification demotion of Fixed; (3) Close artifact = audience-specific evidence pack; (4) Expand only after one verified fix; (5) Quota = design partners completing north-star loop without a Periscan narrator — not ARR theater.
P08-3,P0,bug,gtm,Feature zoo on primary rail is GTM poison,M,yes,U-03 | U-16,08-ben-horowitz.md,Persona primary rail ≤ ~10 items for new tenants: Dashboard · Missions · Paths · Findings · Remediation · Schedules · Runners · Integrations · Reports · Evidence (+ Admin). Autonomous + MCP + Model Gateway → Labs until loop is boring. Single nav source.
P08-4,P0,improvement,gtm,"Billing is a ledger without a bank — treat NotConfigured as wartime honesty, not silent readiness",S (policy/comms); L if processor later,no,U-19 | synthesis “Self-serve payment processor before invoice design partners”,08-ben-horowitz.md,Explicit external GTM status page language: “Invoice / approval-reference design partners only.” Do **not** build payment processor until two paid invoice conversions are boring. Keep fail-closed entitlements. Instrument sales CRM of approval refs → package activations.
P08-5,P1,improvement,gtm,Packaging is architecturally right and commercially unfinished,M,no,theme (commercial strategy lag — Forrester 13),08-ben-horowitz.md,"Private three-band desk: (A) Snapshot design partner floor, (B) Core continuous with meter caps, (C) MSSPPartner priced primarily on **ClientTenants + EvidencePacks + ShortTermAssessments**. Enterprise = SSO/private runners/retention/API — not full catalog dump. Still no public rate card until ICP closed."
P08-6,P1,feature,mssp,MSSP multi-tenant is a real asset sold too early as existence proof,M (GTM + one dogfood); isolation matrix residual = L,no,synthesis MSSP architecture excellent + premature primary GTM,08-ben-horowitz.md,"Sequencing non-negotiable: (1) one org buyer completes Snapshot → fix verified → pack; (2) productize exception queue; (3) then MSSPPartner with **isolation proof report** as leave-behind; (4) never let MSSP pull custom BAS theater. Dogfood: one partner, two child tenants."
P08-7,P0,competitive,competitive,Moat is truth architecture — breadth and theater are anti-moats,S (positioning) + ongoing claim discipline,yes,U-26–U-31 competitive map,08-ben-horowitz.md,"Wartime one-liner forced in every deck: *“Periscan is the proof layer on top of the tools you already bought. We don’t replace Wiz or Tenable. We show which findings are reachable, whether controls fired, and whether the fix stayed fixed — with evidence you can hand a board without lying.”* Remove any pillar from the sentence that is still scaffold. Co-sell/integrate; never replace."
P08-8,P0,request,gtm,Design-partner path is built; evidence of learning is not,"M (execution, not code)",no,U-25 | Wave C item 19,08-ben-horowitz.md,CEO-owned calendar: five sessions in 30 days; publish anonymized pass/fail scorecard; kill any feature request not on Snapshot → Verify path until five partners convert or churn with documented reasons. No substitutes.
P08-9,P0,request,competitive,Zero customer references → Wave market presence fail,L (sales + customer success) / S (KPI instrumentation),no,U-25,08-ben-horowitz.md,Reference factory: target **three** production design partners with signed reference-call permission before any Wave questionnaire. Stop MQ/Wave GTM spend until that gate. Track “referenceable production tenants” as a KPI next to north-star loops.
P08-10,P1,improvement,gtm,Hard vs fake hard — company still spends peacetime calories,S (governance),yes,synthesis “Explicitly do not prioritize”,08-ben-horowitz.md,Explicit “do not prioritize” list already in prior synthesis — enforce with eng freeze: no net-new connectors/modules outside Snapshot path; no live Caldera/Atomic/SharpHound; no payment processor; no public Marketplace until two invoices boring. Review every epic as hard vs fake hard in weekly wartime staff.
P08-11,P1,improvement,gtm,Freemium LightExternalScan is a strategic trap if productized as Tenable-lite,M,no,U-30,08-ben-horowitz.md,"Either (a) keep freemium gated as teaser that ends in Snapshot upgrade CTA with measured path proof, or (b) disable public freemium until design-partner ACV is proven. Never compete on scan volume."
P08-12,P1,improvement,gtm,First sellable MVP is correct — product surface does not enforce it,M,yes,U-09 dual first-run,08-ben-horowitz.md,Empty-tenant and design-partner mode: progressive disclosure locked to §19 sequence; packs/catalog depth after first verified fix. Sales deck = §19 only.
P08-13,P1,feature,gtm,Private pricing bands and conversion ops missing as first-class GTM system,M,no,none,08-ben-horowitz.md,"Lightweight deal desk runbook + CRM fields: band, floor, packageKey, meters expected, approval ref, support owner, next expansion trigger. Optional later: admin-only internal pricing notes API — not public prices."
P08-14,P1,improvement,mssp,MSSPPartner packaging does not encode unit economics for partners,M,no,theme (MSSP billing premature),08-ben-horowitz.md,"Partner sheet (private): per ClientTenant floor, EvidencePacks included, ShortTermAssessments pack price, white-label included, PSA ticket included. Commerce still invoice. Product: show meter burn clearly in portfolio for partner QBR truth."
P08-15,P1,competitive,competitive,Why-now window is real; company GTM is not in the window,S (narrative) + M (pilot execution),yes,synthesis competitive position one-slide,08-ben-horowitz.md,"Narrative + first measured loops **this quarter**, not feature parity later. Sales only demo Fully-E2E + honest Partial with labels. Use competitor tools as inputs in every pilot."
P08-16,P2,improvement,gtm,Enterprise SKU is a kitchen sink — packaging anti-pattern,M,yes,U-19 enterprise gaps (SCIM etc.),08-ben-horowitz.md,"Redefine Enterprise as add-on/governance layer (SSO/SCIM path, private runners, retention, advanced API, multi-BU) on top of Core/Control — not full catalog. Keep ContactSales; remove “everything unlocked” implication from sales training."
P08-17,P2,improvement,ops,AWS Marketplace as GTM strategy is fake hard before direct pitch is known,S (decision),no,synthesis do-not-prioritize Marketplace,08-ben-horowitz.md,Park public listing until two direct paid conversions and one reference. Keep integration code; do not staff Marketplace GTM.
P08-18,P1,innovation,gtm,North-star metric is correct — instrument and govern it as the only wartime KPI,M,no,theme (north-star vs surface),08-ben-horowitz.md,Single company dashboard: tenants with ≥1 measured loop this week; design-partner session pass rate; paid/invoice conversions; referenceable tenants. Demote 94-row score progress to engineering sub-metric under Slice completion — not GTM vanity.
P08-19,P2,bug,gtm,Dual nav configs create dual product stories for buyers and PMs,M,yes,U-03,08-ben-horowitz.md,"Delete dual config; one nav source; rename once; tests follow. Align labels to sales kit (Snapshot, Paths, Findings, Remediation, Proof)."
P08-20,P1,request,gtm,Hire / assign a wartime seller who can demo honesty without flinching,L (people) / S (scorecard),no,none  ---,08-ben-horowitz.md,One wartime AE/founder-seller scorecard: never demos scaffold as Available; always ends with measured re-validation or honest gap; quota = closed proof loops + invoice refs. Fire feature requests that force theater.
P09-1,P0,improvement,findings,ValidationState is a theory-of-everything enum,XL,yes,theme (Einstein B−/C ontology); U-02 vocabulary collapse is the UX twin,09-einstein.md,Partition into four closed enums (do not drop values overnight — adapter maps): (1) **PathOutcome** Discovered|Reachable|Validated|Exploitable|Blocked|Inconclusive; (2) **ControlObservation** (align ControlEffectivenessState); (3) **RemediationLifecycle**; (4) **ReadinessPrerequisite** NeedsApproval|RequiresIntegration|RequiresVerifiedScope|… . Deprecate ValidationState on AttackPath in favor of PathOutcome + EvidenceBasis; keep a transitional union DTO for one release if needed.
P09-2,P0,bug,findings,Path validationState can overclaim; projection silently remaps,L,no,U-06 correlation/Measured receipts; Slice 3,09-einstein.md,Persist claim-safe path outcome (or recompute and refuse writes that set Exploitable without fullyMeasured). Make `deriveAttackPathClaim` the only writer of customer-visible certainty; store raw module hints separately if needed.
P09-3,P1,improvement,findings,Finding identity couples triage to graph UUID,L,no,U-11 fingerprints/occurrence; Slice 4,09-einstein.md,Document findings as **projection + disposition overlay**. Long-term: disposition keyed by `fingerprint` (with optional pathId/signalId links); short-term: stop equating findingId with pathId in new code paths; surface fingerprint as primary id in API docs.
P09-4,P1,bug,findings,occurrenceCount / merge semantics incomplete at emit time,M,no,U-11,09-einstein.md,Make fingerprint + groupKey required on new emissions; run merge inside `listValidatedFindings` as the only public shape; never expose pre-merge rows without `occurrenceCount`.
P09-5,P1,improvement,other,Scope vs Asset: authorization and inventory lack a durable join,L,yes,Slice 6; practitioner “authorized targets home”,09-einstein.md,Add durable binding (table or JSON authorized keys on Scope) with lifecycle: discovered-in-scope | authorized | rejected. Ownership review remains judgment; binding is physics. Prefer one UI: Assets & Scope.
P09-6,P1,improvement,other,Inventory multiverse: Asset vs AssetInventoryEntry vs ScopeAssetClass vs tags,L,yes,U-16 Labs/swarm demotion; Palantir “kill swarm theater”,09-einstein.md,Make living map a **query projection** over Asset + GraphNode + source observations. Collapse K8s→Kubernetes (or inverse). Deprecate AssetInventoryEntry as a persisted concept; keep only as DTO of a query. Label any $$ multiplier as fixture/demo unless tied to AssetValuationVersion.
P09-7,P1,improvement,other,Threat dual stack without subsumption law,L,yes,U-23,09-einstein.md,Document and implement subsumption: **ThreatIntelItem (global particle) → TenantThreatAlert (relevance) → ThreatAdvisory (curated workflow) → MissingSignal/ValidationPlan**. One nav object “Threats” with feed vs program tabs. Prefer linking advisory.externalId to intel.canonicalKey.
P09-8,P1,improvement,engines,"Control language quadruple (edges, ControlState, Verdict, Effectiveness)",L,yes,Slice 5; Blue team control plane,09-einstein.md,**ControlEffectivenessState is the only product-visible control atom.** Map: verdict→effectiveness (existing doc); edge relationship→effectiveness (one pure function); retire ControlState from new APIs; ValidationState must not store control outcomes long-term (P09-1).
P09-9,P1,improvement,findings,Risk score multiverse without composition law,L,no,none (deepens Einstein prior §5.4),09-einstein.md,"Publish composition law in shared package: `priorityScore = f(pathRisk | signalRiskBase, missingSignalImpact, disposition)`. One primary number per UX surface. Separate **money** (FAIR) from **priority** (0–100) from **certainty** (claim). Remove Fixed from RiskBand; use remediation/verification status for closure."
P09-10,P1,improvement,other,Mission / Scenario / Pillar / sourceMotion quadruple taxonomy,M,yes,U-02; Gartner/Forrester packaging vs execution,09-einstein.md,"**One operational type** for runs (MissionType or ScenarioType — pick one). Pillars = tags on packs/modules only. sourceMotion = derived tag for findings from module category, never hardcode APT for all paths. Map EXV pillar ↔ ExposureValidation explicitly in docs."
P09-11,P1,improvement,nav,ProofLoopStage vs CTEMStage vs marketing loop — three clocks,M,yes,U-02,09-einstein.md,"One canonical stage enum (prefer product Proof Loop or CTEM — pick and map the other as alias). Store only aliases in UI copy tables, not dual schemas forever."
P09-12,P0,improvement,remediation,"“Fixed” multiverse — one word, many truth conditions",L,no,excellence theme “Fixed only after retest” — protect by closing loopholes,09-einstein.md,Reserve **Fixed** exclusively for verification-gated fields. Rename residual path/exposure states to `VerifiedClosed` / `StillOpen` language; RiskBand drops Fixed (P09-9); finding status Fixed only when linked verification exists (enforce in builder).
P09-13,P2,improvement,api,RelatedEntityType as universal type system (platform sprawl),M,yes,U-16 Autonomous/MCP on rail; Palantir ontology fund,09-einstein.md,"Split **RiskRelatedEntityType** (Asset, Identity, Exposure, Path, ControlSource, Scope, …) from **PlatformRelatedEntityType** (webhooks, model gateway, tool promotion). GraphNode.relatedEntityType only risk subset."
P09-14,P2,improvement,other,GraphNode.nodeType free string vs PathNode.entityType enum,M,no,none,09-einstein.md,"Constrain nodeType to a small closed set (Asset, Identity, Control, Exposure, Hypothesis, EvidenceAnchor) orthogonal to relatedEntityType. Keep hypothesis flag first-class."
P09-15,P2,improvement,findings,Exploitability dual enums + control states mapped to exploitability,M,no,none,09-einstein.md,One exploitability enum for product. Control observations never map to Validated exploitability; only path measurement claims do. Risk input uses the same enum or a strict adapter.
P09-16,P2,improvement,api,Enum accretion without partition laws (~100+ z.enums in domain.ts),L,yes,theme feature zoo as model explosion,09-einstein.md,"Split packages/modules: `domain/risk.ts`, `domain/execution.ts`, `domain/platform.ts`, `domain/billing.ts`. Add CONTRIBUTING rule: new status enums must declare which Law they serve and which existing enum they do **not** duplicate."
P09-17,P1,innovation,other,Codify Five Laws as schema/API acceptance gates,S–M,yes,Wave A packaging freeze; Horowitz “freeze surface”,09-einstein.md,Add `docs/ONTOLOGY_LAWS.md` (or Agents.md section) with the five laws + PR checklist: (1) no new top-level entity restating Asset/Signal/Path/Finding/Evidence; (2) no new “state” enum overlapping ValidationState without partition plan; (3) Fixed only via verification; (4) every score cites composition law; (5) pillars/tags not new mission types. Optional: lint test that FindingDisposition schema never includes Fixed (already true — extend to RiskBand).
P09-18,P2,improvement,other,Identity multiverse — Identity vs NHI vs graph Identity with local risk atom,L,yes,none,09-einstein.md,Shared Principal inventory view (type: human|service|workload|key); NHI risk becomes a factor *input* to path/finding priority when the principal is on a path — not a competing dashboard number without composition.
P09-19,P2,feature,other,Exposure as third lifecycle peer of Path and Finding,M,yes,U-03 nav destinations,09-einstein.md,"Document reduction: **Exposure = asset-scoped condition; Path = multi-node narrative; Finding = prioritized work queue projection.** Remediations attach to fingerprint (cause), with optional exposureId/pathId. Avoid third triage queue UI."
P09-20,P1,improvement,nav,Feature zoo is model explosion projected into IA,M,yes,U-03; Jobs; Horowitz; Wave A items 3–5  ---,09-einstein.md,"Nav = **jobs** only: Authorize (Scope+Assets), Validate (Missions/Schedules/Runners), Understand (Paths+Findings+Controls), Act (Remediation), Prove (Evidence+Reports). Everything else Labs/Admin. Delete dual nav config. This is the IA projection of ontology unification — not a separate product problem."
P10-1,P0,bug,security,"mTLS enforcement is opt-in, not production-default",M,no,U-20,10-cisco-cto.md,"Default `PERISCAN_RUNNER_REQUIRE_MTLS=true` whenever `PERISCAN_DEPLOYMENT_ENVIRONMENT=production`; fail readiness (`GET /api/v1/system/deployment-status`) if production and flag off; put the flag in prod compose + deploy runbook as required, not optional."
P10-2,P0,improvement,runners,Dual runners (Go vs TypeScript) without a single enterprise package,L,yes,theme hybrid runner strong / packaging,10-cisco-cto.md,"Publish one **Supported Customer Runner** decision: either (a) collapse to runner-agent + thin native helpers, or (b) Go as production LTS with agent capabilities staged in. Ship one image tag, one deploy guide, one smoke path in `pnpm verify`. Demote the other to “labs/dev”."
P10-3,P1,feature,runners,WindowsService is catalog fiction — no Windows packaging,L,no,none,10-cisco-cto.md,"Either ship a signed Windows service package (WinSW or native) with the same enroll/poll contract and mTLS file paths, **or** remove/relabel `WindowsService` as `Planned` in UI and stop seeding it as a live mode."
P10-4,P1,feature,runners,"ServiceViaProxy channel is a unit-tested SEAM, not a product",XL,no,"U-20 (related residual), theme hybrid",10-cisco-cto.md,"Either fund the control-plane multiplex + lease of scoped proxy channels under signed task envelopes (with soak + kill-switch tests), or explicitly mark ServiceViaProxy **not available** in product UI and remove it from readiness claims until shipped."
P10-5,P1,improvement,ops,Fleet scale and HA are honesty-documented but commercially unproven,L,no,theme scale unproven (P10 prior),10-cisco-cto.md,"Add a fleet soak suite: N simulated runners (100/500/2000), poll+heartbeat+lease under multi-API replicas, publish p95 lease latency and DB connection budgets; document max runners per tenant as an entitlement."
P10-6,P1,feature,ops,"Production deploy/IaC is documentation + single-replica Compose, not enterprise topology",L,no,none,10-cisco-cto.md,"Ship a reference Helm chart (API, worker, web) + optional TF modules for AWS/Azure networking secrets only; keep honesty that DB/Redis/S3 are external; add multi-replica readiness probes already present on API health into the chart defaults."
P10-7,P1,feature,ops,Air-gap / on-prem MCP is product language over fixture modules,XL for real MCP; S for claim hygiene,yes,Real-First / honesty themes,10-cisco-cto.md,"Split product boundaries: (1) **Hybrid SaaS + outbound runner** (real, ship), (2) **Air-gapped MCP** as roadmap with no GA claims until private control-plane packaging + offline module/evidence store exist. Relabel G4 modules as “RemOps planning fixtures,” not on-prem deploy."
P10-8,P1,feature,integrations,Cisco stack depth is thin vs enterprise network reality,L,no,synthesis “expanding connector catalog without GA depth”,10-cisco-cto.md,Prioritize GA depth order: Duo (add contract test) → Umbrella (keep) → Secure Endpoint → Secure Firewall/Firepower logs → then ISE posture as Planned with honest status. Do **not** add Meraki/DNA until top four are contract-tested and live-smoke documented.
P10-9,P1,improvement,integrations,Breadth theater: 267 catalog / 126 “live” / 29 contract-tested,M,yes,U-16 zoo / Horowitz freeze surface,10-cisco-cto.md,"Publish a **GA top-N** list (≤15) with contract tests + live-smoke; demote rest in UI sort; extend enterprise readiness with optional “Network enforcement pack” (Umbrella, Secure Firewall when live, Zscaler/PAN already live)."
P10-10,P1,improvement,gtm,Packaging SKUs under-serve hybrid runners; payment still NotConfigured,M,no,Horowitz packaging / Enterprise buyer,10-cisco-cto.md,"Add a **Hybrid Runner** add-on or Core+ package: metered `RunnerMinutes` + max concurrent runners entitlement; keep full multi-tenant governance on Enterprise. Keep payment contact-sales until processor exists, but make entitlement gates real in API for runner registration count."
P10-11,P1,improvement,security,Result signing is opt-in; unsigned runners still accepted,M,no,U-20 / proof honesty,10-cisco-cto.md,Reject new registrations without result-signing key; grace-period migrate legacy runners; fleet policy flag `minimumResultSigning: required`.
P10-12,P1,improvement,runners,runner-agent lacks production deploy artifacts the Go runner has,M,yes (dual package),P10-2,10-cisco-cto.md,"Mirror deploy tree for runner-agent (or unify image); include non-root, read-only FS, NetworkPolicy, resource limits, secret mounts for mTLS material."
P10-13,P2,bug,security,Egress allow path is IPv6-blind,M,no,U-20 residual,10-cisco-cto.md,Add IPv6 CIDR parsing and tests; document dual-stack scope verification in scope UX.
P10-14,P2,improvement,ops,Explicit corporate proxy support is uneven across dual agents,S,yes,none,10-cisco-cto.md,First-class `PERISCAN_RUNNER_PROXY_URL` on runner-agent with tests; document TLS inspection / private CA trust store mount for both agents.
P10-15,P2,improvement,runners,Fleet policy is strong ops UX but lacks multi-site routing semantics,L,no,none,10-cisco-cto.md,First-class `siteId` / `networkSegment` on runners; lease filter by scope CIDR intersection or explicit runner assignment on missions; surface in `/runners` fleet map.
P10-16,P2,request,integrations,Network enforcement missing from enterprise breadth readiness,S,no,none,10-cisco-cto.md,"Add pack “Network / SSE enforcement” with Umbrella, Zscaler, Panorama, FortiGate, Cloudflare as optional satisfied-if-connected checks."
P10-17,P2,innovation,runners,Segment-aware runner SKU + appliance profile (not full BAS appliance),L,no,Jobs/Horowitz wedge — hybrid is the wedge,10-cisco-cto.md,"Ship **Periscan Segment Runner** profiles: `campus-passive`, `dc-measured`, `ot-safe-baseline` as baked allowlists + resource limits + mTLS-required; meter by segment not by vague Enterprise contact-sales."
P10-18,P3,improvement,api,Control channel schema advertises futures that confuse security review,S,no,safety floor (protect)  ---,10-cisco-cto.md,Keep disallowed enum only in a clearly named `HistoricalDisallowedChannel` type or docs table; ensure OpenAPI customer docs never list ReverseSsh as a capability.
P11-1,P0,bug,evidence,Free-string GraphNode.nodeType is an open ontology with no registry,L,no,theme (Einstein free-string / prior Palantir free-string),11-palantir-cto.md,"Introduce versioned `GraphNodeType` enum or registry (prefix + leaf), migrate writers, validate on upsert, document allowed properties per type. Keep PRD list as mapping table, not free string escape hatch."
P11-2,P0,bug,nav,Mission object mislabeled “Validation Snapshot” on primary rail,S,yes,U-02,11-palantir-cto.md,"Nav + page title → **Missions**. Keep “Validation Snapshot” as a *workflow/template* under Missions (or a create path), not the object name."
P11-3,P0,bug,proof-loop,MissionsWorkbench never mounted; /missions is snapshot-only,M,yes,U-03 / theme mission rename,11-palantir-cto.md,Mount multi-type mission queue at `/missions` (list + filters by type/status/policy); make snapshot a “New snapshot” action. Or delete/park orphan workbench to end dual truth.
P11-4,P0,bug,ai-agents,Operator recommendations are not persisted objects,M,no,theme (prior Palantir operators),11-palantir-cto.md,"Persist recommendation rows (tenant, operatorType, status, evidenceIds, missionPlan, createdAt, decidedAt, missionId). List from DB; approve updates row + creates mission under same transaction/audit event."
P11-5,P0,bug,evidence,Living-map / terrain / swarm-KB stubs share production evidence package surface,M,yes,U-16 / anti-fabrication theme,11-palantir-cto.md,Move fixtures to `packages/evidence/src/fixtures/` or test-only module; strip from public package index; ban import from apps/api runtime. Keep production graph service pure.
P11-6,P1,feature,integrations,Scan-file importers exist as library only — not a fabric product path,L,no,none (corrects prior panel “no importers”),11-palantir-cto.md,Tenant-scoped import API (upload → normalize → observations/signals with source type `Import.nessus|csv|sarif`) + data-fabric UI action; integrity hash on raw file as evidence; never fabricate assets beyond resolution rules.
P11-7,P1,feature,other,No Object Explorer / object workspace — route-local ENTITY_ROUTE maps only,L,yes,U-23,11-palantir-cto.md,"Single shared `entityHref(type, id)` module covering all `RelatedEntityType` with real pages or a generic `/objects/:type/:id` workspace (summary, links, evidence, audit). Add read APIs for graph neighborhood by related entity."
P11-8,P1,improvement,nav,"Dual nav ontologies: same href, different type labels",S,yes,U-03,11-palantir-cto.md,"One nav source of truth; freeze labels: **Missions**, **Findings**, **Assets** (fabric as subview or secondary title), **Evidence**. Delete or generate secondary config from primary."
P11-9,P1,bug,ai-agents,Swarm UI ontology falsehood: sessions/missions/engagements sold as agents,S,yes,U-16,11-palantir-cto.md,"Rename surface to **Live validation ops** / **Mission radar**; change copy to “live sessions and missions”; demote under Labs (U-16). If Agent is required later, introduce persisted AgentRun type with provenance — do not relabel existing types."
P11-10,P1,bug,design-system,Customer-visible Living Map SVG is static fixture theater,S,yes,theme living-map stub,11-palantir-cto.md,Remove from default threat-center or gate behind explicit “Sample visualization” banner with zero implication of tenant data. Replace later with real graph neighborhood viz fed by GraphNode/Asset queries.
P11-11,P1,improvement,paths,PathNode.entityType closed enum vs GraphNode.nodeType free string — dual type systems,M,no,theme (Einstein dual type),11-palantir-cto.md,Define mapping table GraphNodeType ↔ RelatedEntityType (and path entity); enforce on write; document in shared package as ontology module.
P11-12,P2,bug,other,Coverage tag ontology duplicates (K8s vs Kubernetes) and free assetType on inventory,S,yes,none,11-palantir-cto.md,Collapse aliases; bind inventory tags to real asset classification enums; never assign full tag set on fixture rows used outside tests.
P11-13,P1,improvement,evidence,Evidence graph is a write-side OS without operator read plane,L,no,theme Slice 7,11-palantir-cto.md,Slice 7-aligned **Evidence / Graph explorer**: pick asset or finding → neighborhood (nodes/edges) → evidence artifacts → claim language. Read APIs first; viz second.
P11-14,P2,improvement,api,Graph and path properties are LooseObject bags — untyped ontology properties,L,no,none,11-palantir-cto.md,Promote hop certainty fields to first-class on GraphEdge (mirror PathEdge); introduce per-nodeType property schemas (zod discriminated unions) validated on upsert.
P11-15,P2,improvement,ai-agents,Approve recommendation returns Approved without durable status — API honesty gap,S (with P11-4 M),no,theme operators,11-palantir-cto.md,"Same as P11-4 persistence; until then, do not return Approved status without DB — return mission + decision only, or mark NotActionable after mission create via side table."
P11-16,P1,improvement,onboarding,Data fabric is high-quality fusion UX but buried / mis-scoped vs “Assets & Scope”,M,yes,U-09 / Slice 6 theme,11-palantir-cto.md,"Either (a) true Assets workspace: inventory + fabric tabs + link to scope verification, or (b) keep Data fabric name and demote until Slice 6 Assets & Scope is real. Do not dual-name."
P11-17,P2,request,copy,Autonomous nav group is feature-zoo ontology tax before proof loop is inevitable,S,yes,U-16,11-palantir-cto.md,Primary rail ≤ ~10: Dashboard · Missions · Paths · Findings · Remediation · Schedules · Runners · Integrations · Reports · Evidence (+ Admin). Move Autonomous → Labs. Keep Operators under Investigate or Remediate once persisted.
P11-18,P2,innovation,evidence,Ship “Ontology module” in shared: type registry + action map + claim rules as first-class product IP,XL,no,none,11-palantir-cto.md,"New `packages/shared/src/ontology.ts` (or package): object types, link types, allowed actions (create mission, approve, verify fix), claim predicates (when Measured is legal), UI hrefs. Generate OpenAPI tags and nav from it. This is the Palantir-shaped moat aligned with Periscan honesty — not Foundry clone UI."
P11-19,P2,improvement,security,Multi-source honesty excellence must not be diluted by fixture terrain $$ in risk helpers,S,yes,theme multi-source honesty,11-palantir-cto.md,Policy: customer-visible financial impact only from persisted valuation versions / explicit customer-entered criticality — never from living-map stubs. Lint ban on importing terrain helpers from apps/*.
P11-20,P3,bug,api,Audit ENTITY_ROUTE maps Scope → /missions (wrong object workspace),S,no,none  ---,11-palantir-cto.md,Point Scope to real scope management surface (or add `/scopes` object page); add tests that every RelatedEntityType with a route resolves to a page that loads that id.
P12-1,P0,improvement,competitive,Category home is AEV/CTEM proof — not full BAS,M,no,U-26,12-gartner-analyst.md,Publish external category page and sales one-pager: **AEV/CTEM proof layer**. Explicit out-of-scope list for live destructive multi-vector. Co-exist matrix for Wiz/Tenable/Microsoft. Train every SE on “we measure paths and prove Fixed.”
P12-2,P0,improvement,competitive,"Visionaries placement is correct; Leaders requires Execute, not more vision docs","L (program, not a single feature)",yes,theme — Visionary · Execute ~2.9,12-gartner-analyst.md,Treat **referenceable measured multi-hop + SCV inject + 3 design-partner proofs** as the only Leaders path. Cap new CoV surfaces until AtE moves.
P12-3,P0,bug,gtm,Scorecard inflation: Leading rows vs Partial/Scaffold engineering truth,M,no,U-07,12-gartner-analyst.md,Immediate freeze: no external “Leading” claim. Run **Slice 10 blind rescore** with independent owner; downgrade APV/SCV/DRV/choke until measured-edge ratio and inject loops pass demos. Cap product/function at 4 when engineering matrix says Partial.
P12-4,P0,improvement,competitive,Flagship Execute gap: measured multi-hop not default journey,L,no,U-05 · Slice 3,12-gartner-analyst.md,"Make Slice 3 the only P0 product bet: edge plan → policy → receipts → recompute path → before/after breaker. Kill hop CTA deadlock. Demo script = one multi-hop measured path, not swarm."
P12-5,P0,feature,engines,SCV/DRV closed loop incomplete while scorecard says Leading,L,no,U-26 · competitive theme,12-gartner-analyst.md,Ship governed safe stimulus + uniquely tagged DRV marker with signed evidence. Until then rename product claims to **Control Observation / Rule Coverage** externally.
P12-6,P0,improvement,gtm,Zero customer references → MQ Market Presence / viability fail,XL (GTM + delivery),no,U-25,12-gartner-analyst.md,"Three ICP design partners with weekly proof-loop SLAs; capture MTTR-to-Fixed, measured-edge %, control miss discoveries. Do not pursue paid MQ inquiry until refs exist."
P12-7,P1,improvement,gtm,Partner-gated rows still shape the “core” 94-row narrative,M,yes,Slice 9 · U-07,12-gartner-analyst.md,"Split scorecard presentation: **Core AEV (owner=None)** vs **Partner/Ecosystem**. Cap Partner rows at Strong only with live partner SOW evidence; never Leading without joint customer proof. Slice 9: honest “partner-gated” UI, not fake readiness."
P12-8,P1,improvement,ai-agents,Agent/A2A/MCP/Multi-Agent rows are peak-hype criteria inside an AEV matrix,M,yes,U-16,12-gartner-analyst.md,"Exclude or demote AI-protocol rows from external AEV briefings. Move Autonomous nav to Labs. Score Multi-Agent against *measured mission assembly*, not orchestration UX alone."
P12-9,P1,improvement,nav,"Feature zoo dilutes category — ~35–50 destinations, dual nav configs",M,yes,U-03,12-gartner-analyst.md,Persona rail ≤10 for New tenants: Dashboard · Missions · Paths · Findings · Remediation · Schedules · Runners · Integrations · Reports · Evidence (+ Admin). Everything else Settings/Labs/MSSP role.
P12-10,P1,improvement,copy,Three proof-loop vocabularies break Completeness of Vision consistency,S–M,yes,U-02,12-gartner-analyst.md,"One vocabulary systemwide (product stages = CTEM stages or PRD three-act only). Align radar, nav, help, demo script, analyst one-pager."
P12-11,P1,improvement,gtm,GTM narrative is wartime honesty + peacetime shell,L,no,theme — Horowitz wartime honesty / peacetime GTM shell,12-gartner-analyst.md,Invoice-first design-partner SKU (“Pay for what you validate” meters already exist). AWS Marketplace path to Limited listing. Freeze feature launch calendar until first three paid pilots.
P12-12,P1,improvement,competitive,Choke-point “Leading 4.5” overstates graph science,L,no,U-07,12-gartner-analyst.md,External language: “prioritized breakers (pattern + evidence).” Ship min-cut/betweenness solver or drop Leading. Tie breakers to measured edges only for Leaders demos.
P12-13,P1,improvement,compliance,Compliance attestation depth thin for regulated MQ buyers,L,yes,U-24,12-gartner-analyst.md,Two frameworks only (e.g. SOC 2-aligned validation evidence + one of DORA/PCI) with control catalog linked to measured claims. Park the rest as labeled stubs.
P12-14,P1,request,integrations,Integration breadth is CoV asset; depth certification is AtE debt,L,no,none (aligns Forrester integration theme),12-gartner-analyst.md,Publish external tier table (Production / Beta / Planned). Certify top 10 (SIEM/EDR/CNAPP/ITSM/IdP) with customer-credential evidence. Keep Planned non-connectable (Slice 1 win — protect).
P12-15,P1,improvement,ops,Ops/security external validation still blocks Leaders-band Execute,L,no,U-19 · U-20,12-gartner-analyst.md,Independent control-plane + runner pen test summary process; mTLS default-on for prod runners; one multi-tenant soak report. Attach to trust pack for design partners.
P12-16,P2,improvement,gtm,Internal 79.1→95.9 plan is not an MQ progress metric,S,yes,U-07 · Slice 10,12-gartner-analyst.md,Dual scoreboard: (A) engineering 94-row index internal-only; (B) **MQ proxy** = CoV/AtE table in this document + reference count + measured-edge ratio + Production connectors. Gate external claims on B only.
P12-17,P2,innovation,competitive,Honesty architecture is the Leaders differentiator — productize the trust metric,M,no,theme — proof not claims (protect),12-gartner-analyst.md,"Dashboard trust metric: **% claims Measured**, **% Fixed that survived revalidation**, **denied-never-queued count**, **signature verification rate**. Put it on every executive report. That is MQ Innovation + CoV."
P12-18,P2,improvement,mssp,MSSP multi-tenancy is Execute wedge underplayed in GTM,L,no,none (Horowitz packaging adjacent),12-gartner-analyst.md,"MSSP-first GTM: co-managed ASV packs, QBR reports, 2–3 trained partners, invoice metering. Use MSSP references as first MQ confidential refs."
P12-19,P2,caution,security,Safety floor is CoV strength — do not erode for BAS peer pressure,S–M,no,theme — safety floor protect,12-gartner-analyst.md,"Explicit safety substitution catalog (what is simulated, what is measured, what is never done). Sell governed non-destructive AEV as the enterprise-grade answer. Partner human validation for residual (row 28)."
P12-20,P2,feature,onboarding,Design-partner mode is correct AtE scaffolding — instrument it for analyst evidence,M,yes,U-09 · U-25  ---,12-gartner-analyst.md,One onboarding rail; require design-partner checklist completion metrics; export anonymized proof-loop KPIs for analyst briefings.
P13-1,P0,request,gtm,Zero customer reference pack blocks Wave inclusion,XL,no,U-25,13-forrester-analyst.md,"Land ≥3 design-partner production tenants on weekly Validate→Remediate→Re-validate; produce NDA reference one-pagers (MTTR to verified Fixed, % Measured vs Heuristic, audit pack acceptance). Do not pursue Wave questionnaire until pack exists."
P13-2,P0,improvement,competitive,Scorecard inflation vs engineering honesty undermines analyst trust,M,no,U-07,13-forrester-analyst.md,Blind independent rescore of all 94 rows against competitive matrix + Slice 2 evidence; freeze “Leading” without measured multi-hop receipts and live SCV inject proof. Align external claims to rescored floor.
P13-3,P0,feature,paths,Multi-hop measured attack paths remain the Wave offering cliff,L,no,theme (Slice 3),13-forrester-analyst.md,"Finish Slice 3: edge planning, durable hop receipts, measured-path recompute, before/after breaker proof. Make “measure hop → fix → re-measure” the first 8 minutes of every analyst demo."
P13-4,P0,feature,engines,Closed-loop SCV / DRV inject-and-observe incomplete for BAS Wave parity,L,no,U-26,13-forrester-analyst.md,Ship governed SCV stimulus + DRV inject-and-observe behind policy/offensive flip with signed detect/block/log evidence. Demo one CrowdStrike/Splunk closed loop end-to-end; keep live kill-chain disabled.
P13-5,P0,bug,nav,Feature zoo + dual nav destroy Wave demo TaskSuccess,M,yes,U-03,13-forrester-analyst.md,"Single nav source; persona primary rail ≤10 items (Dashboard, Missions, Paths, Findings, Remediation, Schedules, Runners, Integrations, Reports, Evidence + Admin). Hide Autonomous/MCP/Swarm/Model Gateway under Labs until loop is boring."
P13-6,P1,improvement,integrations,Integration catalog is breadth-honest but depth-unproven for Wave ecosystem criteria,L,no,"U-27 / U-28 (integrate, don’t replace)",13-forrester-analyst.md,"Certify Production for top 12–15 ICP stack (e.g. CrowdStrike, Sentinel, Splunk, Wiz, Tenable, Okta/Entra, Jira, ServiceNow, AWS/Azure, GitHub, ConnectWise). Publish certification criteria + live-smoke pass dates. Keep Planned non-connectable."
P13-7,P1,feature,integrations,Missing scan-file importers weakens VM-adjacent Wave narratives,M,no,U-28,13-forrester-analyst.md,"Add signed, scoped file importers for Nessus/CSV/SARIF with evidenceBasis=Imported; map into unified findings without claiming Measured."
P13-8,P1,improvement,onboarding,UI TaskSuccess lag vs Trust creates asymmetric Wave story,L,yes,theme (TaskSuccess),13-forrester-analyst.md,Five ICP first-session studies (`docs/qa/ICP_FIRST_SESSION_RESEARCH_PROTOCOL.md`); measure time-to-first Measured finding and time-to-verified Fixed; fix silent write failures; surface integrity verify in Evidence UI.
P13-9,P1,request,gtm,"Market presence near-zero: payment, Marketplace listing, partner metrics",XL,no,theme (peacetime GTM shell),13-forrester-analyst.md,Invoice design partners first; Limited Marketplace listing when metering proven; publish MSSP partner kit (2–3 SIs) with delivery playbooks. Avoid self-serve card processing before references exist (aligns Horowitz freeze).
P13-10,P1,improvement,competitive,"Category positioning must be AEV/proof-layer, not full multi-vector BAS peer",S,no,U-26,13-forrester-analyst.md,External brief: “CTEM proof layer that measures exposure and proves fixes; complements Wiz/Tenable/Microsoft; does not replace full BAS libraries or human red team.” Refuse malware/phishing live parity as success criteria.
P13-11,P1,bug,copy,Competing proof-loop vocabularies confuse Wave questionnaire answers,S,yes,U-02,13-forrester-analyst.md,One vocabulary product-wide (recommend PRD/score-plan loop); map CTEM phases as secondary labels only; purge marketing tagline collisions in UI chrome.
P13-12,P1,improvement,compliance,Compliance packs thin relative to regulated Wave buyers,L,no,U-24,13-forrester-analyst.md,"For 2–3 frameworks only, ship control matrix linked to measured evidence and last-validated date; keep “does not assert certification” disclaimer; demote Leading compliance claims until matrix ships."
P13-13,P1,request,security,External control-plane pen test still open (trust pack gap),L,no,U-20,13-forrester-analyst.md,Commission independent pen test of control plane + runner; publish executive summary process for NDA diligence; close runner mTLS default-on for prod (synthesis U-20).
P13-14,P1,improvement,gtm,Wave demo script must ruthlessly exclude feature zoo,S,yes,U-16,13-forrester-analyst.md,Official Wave/demo script: 7–10 screens only — Dashboard Needs-you → Mission/External validation → Path (measured hop) → Finding → Remediation retest → Evidence pack → Integrations honesty → Reports. Label `/demo` sample. Labs only if asked.
P13-15,P2,feature,evidence,Evidence chain integrity under-exposed in product surfaces,M,no,theme (evidence explorer Slice 7),13-forrester-analyst.md,Expose verify endpoint + UI “Verify integrity / Verify chain” with pass/fail and first broken seq; always surface download integrityVerified flags.
P13-16,P2,improvement,mssp,MSSP architecture is Wave-positive; commercial packaging is not,L,no,theme (Horowitz wedge),13-forrester-analyst.md,One paying or design-partner MSSP portfolio reference; QBR report path proven; invoice packaging before processor.
P13-17,P2,bug,remediation,Remediation ticket CTA gaps hurt mobilization criteria,S,no,U-12,13-forrester-analyst.md,Parity: create ticket on remediation detail with same connectors as snapshot; show ticket URL on Fixed journey.
P13-18,P2,improvement,ops,Blind independent rescore and release qualification required before external analyst pursuit,M,no,theme (Slice 10),13-forrester-analyst.md,"After Slices 3–5 land: freeze claims, run blind rescore, only then start Wave RFI prep. Gate sales decks on rescored numbers."
P13-19,P2,innovation,competitive,"Honesty architecture is the rare Wave Strategy asset — productize it as criteria, not apology",S,no,theme (protect forever),13-forrester-analyst.md,Wave response appendix: “Claim language contract” mapping every customer-visible term to evidence state machine. Lead demos with a Heuristic path that **refuses** Validated until measured. Make honesty the category criterion.
P13-20,P3,request,auth,"Enterprise identity residuals (SCIM/JIT, recovery routes) affect buyer and presence narratives",M,no,U-01 · U-19  ---,13-forrester-analyst.md,Public auth recovery + `?next=` honor; document SCIM decision or sales-assisted SLA; do not claim full SCIM E2E until proven.
P14-1,P1,improvement,onboarding,Monday Needs you: server queue vs client fallback taxonomies disagree,M,no,U-09 (partial); Wave A Needs you excellence protect + deepen,14-security-practitioner.md,One canonical work-queue contract rendered both server- and client-side. Include New unddispositioned findings + correlated threat alerts as first-class kinds (or explicit sub-rows under Understand). Align approval href to the surface that actually decides (findings risk-acceptance **or** policy approvals — not both).
P14-2,P1,bug,copy,Triple naming: Findings vs Validated Results vs Exposure,S,yes,U-02; Practitioner prior ~3.3 note on Exposure naming,14-security-practitioner.md,"Pick **Findings** (preferred for ops) or **Exposure** (preferred for CTEM marketing) — not both. H1, nav, breadcrumbs, help terms, and CSV filename stem must match. Retire legacy **Exposure** nav label with dual-config delete."
P14-3,P0,bug,remediation,Create ticket missing on remediation detail (exists on snapshot),S,no,U-12,14-security-practitioner.md,"Port snapshot ticket UI to rem detail (and rem list row actions): integration picker, create, then sync. Empty state: “Connect PSA/RMM on Integrations” with deep link. Keep honesty banner that ticket closed ≠ Fixed."
P14-4,P1,feature,remediation,Path-gated remediation blocks signal-only findings,M,no,U-11 (findings ops); Slice 4,14-security-practitioner.md,"Allow remediation from finding fingerprint (path optional), with verification method “re-run originating module / snapshot” when no path. Keep one-open-task-per-fingerprint rule. UI: “Route to remediation” always when fingerprint exists."
P14-5,P1,improvement,ops,Schedules lack mid-market ops knobs,M,no,Slice 8 continuous validation ops,14-security-practitioner.md,(1) Edit scopes post-create. (2) Failure → Needs you kind already exists (`FailedRun`) — surface last failure reason + mission link on schedule row. (3) Optional notify: email to owner or webhook event. (4) Optional default pack / mission template. (5) Guard concurrent run policy visible in UI.
P14-6,P2,improvement,nav,Schedules live under “Remediate” group,S,yes,U-03,14-security-practitioner.md,Move Schedules under Prove or Operate next to Runners/Validation Ops; rename eyebrow to “Operate · Continuous validation.”
P14-7,P1,improvement,runners,Runner readiness ≠ engine install readiness,M,no,none (engines install focus),14-security-practitioner.md,Runner detail: matrix of required engines for allowlisted modules with installStatus. Snapshot readiness: “Installed & enabled on selected runner” not just tenant-enabled count. Link Install CTA to `/registries` with toolId query.
P14-8,P1,feature,onboarding,No authorized-scope home; Assets & Scope is data fabric,L,yes,Slice 6; synthesis “Assets & Scope primary workspace”,14-security-practitioner.md,"Slice 6 as written: Scope workspace (list, verify, safety envelope, segments) as primary; data fabric as “Asset lineage” secondary. Or rename nav until Scope exists."
P14-9,P2,improvement,nav,Dual dashboard labels (Dashboard vs Executive vs legacy Command center),S,yes,U-03,14-security-practitioner.md,One operator home name: **Dashboard**. Executive stays for leadership. Delete “Command center” label everywhere user-facing; keep component name internal.
P14-10,P0,improvement,nav,Feature zoo: ~38 primary destinations for a many-hat operator,M,yes,U-03; U-16,14-security-practitioner.md,Persona rail ≤10 for default tenant; Autonomous + Intel + half of Govern behind “More / Labs / Admin.” Single nav source — delete or generate-test-only for legacy `APP_NAV_SECTIONS`.
P14-11,P1,improvement,engines,"Engine install UX is a marketplace, not a readiness checklist",M,yes,none,14-security-practitioner.md,Guided “Engines for your first snapshot” subset (top N modules) with Install → Enable → Test path; collapse ExtensionDeveloperStudio below fold for non-builders.
P14-12,P1,improvement,onboarding,Dual first-run: GetStarted vs Getting Started guide,M,yes,U-09,14-security-practitioner.md,"One activation model. Dashboard GetStarted should deep-link “See full checklist” to milestones **or** absorb top diagnostics into the three steps. Put Getting Started in help drawer, not a second religion."
P14-13,P2,bug,api,Work-queue “Policy approvals” lands on Policies = Trust & Safety shell,M,no,none,14-security-practitioner.md,"Dedicated pending-approvals panel that respects query param, or href to the surface that records the decision (mission detail / authorization record)."
P14-14,P2,improvement,findings,Fingerprint / occurrence / root-cause invisible in queue,S,no,U-11,14-security-practitioner.md,"Show occurrenceCount badge, lastSeen, and root-cause one-liner on row; filter “group members.” Default Active queue excluding FP/Suppressed."
P14-15,P2,improvement,remediation,Remediation detail loads entire rem list to resolve one id,S,no,none,14-security-practitioner.md,`GET /remediations/:id` + client get; keep list for workbench.
P14-16,P2,improvement,ops,Needs you total sums bucket counts (inflated badge),S,no,none,14-security-practitioner.md,Show `items.length` categories + secondary “N work units”; or cap display as “4 queues · 12 items.”
P14-17,P2,improvement,findings,Fix workflow uses only first related path,S,no,U-11,14-security-practitioner.md,Path picker when `relatedPathIds.length > 1`; show path summary (entry → objective).
P14-18,P2,improvement,runners,Multiple runner UIs increase ops training cost,M,yes,none,14-security-practitioner.md,One Runners surface; deprecate alternate workbenches; one install path per OS with copy-paste that matches control plane URL.
P14-19,P2,feature,ops,Schedules not linked into Needs you as first-class program health,M,no,Slice 8,14-security-practitioner.md,"Work-queue kinds: SchedulePaused, ScheduleMissedNextRun, ScheduleLastRunFailed (with href `/schedules`)."
P14-20,P3,improvement,design-system,Dual chrome components on operator paths,L,yes,U-14,14-security-practitioner.md,Finish migration on rem/schedules/runners/findings only (not whole zoo).
P14-21,P2,request,integrations,Ticket create needs zero-click default destination,S,no,U-12 (extends),14-security-practitioner.md,Default to sole connected ticketing integration; remember last-used per tenant; optional default project key in integration config.
P14-22,P3,improvement,copy,Proof-loop stage vocab vs CTEM radar vs Needs you stages,M,yes,U-02  ---,14-security-practitioner.md,One stage enum in UI chrome; map CTEM to it in a single legend.
P15-1,P0,bug,engines,Module manifests label third-party engines Proprietary (dual-truth),M,no,U-04,15-oss-advocate.md,"For every module with non-empty `toolIds`, set `license` to the primary tool SPDX (or SPDX expression). Add hard certification failure on mismatch. Regenerate notices."
P15-2,P0,bug,engines,Semgrep modules claim MIT while catalog is LGPL-2.1 RequiresLegalReview,S,yes,U-04,15-oss-advocate.md,Set module license to `LGPL-2.1`; `licenseRisk: RequiresLegalReview`; ensure sim modules cannot surface as Allowed executable product depth. Cross-check in certification.
P15-3,P0,bug,security,scan-executor image redistributes GPL-family tools marked RequiresLegalReview,L,no,U-04,15-oss-advocate.md,Remove GPL/LGPL-family packages from default scan-executor image; leave only permissive pins (gitleaks/nuclei/trivy/osv/prowler/promptfoo/pyrit). Route restricted tools through Engine Lab accept→install after Phase 0–1. Add CI image scan gate promised in plan §10.
P15-4,P0,bug,security,licenseRisk derived only from module.license string (bypasses tool disposition),M,no,U-04,15-oss-advocate.md,"Derive risk as max severity of (module license disposition, each tool’s license disposition, each tool’s `policyStatus`). Never allow Proprietary to collapse linked GPL risk."
P15-5,P1,bug,api,License inventory evaluates modules without tool cross-check or policyStatus,M,no,U-04,15-oss-advocate.md,"Add inventory rule: for each module with toolIds, license must match primary tool (or explicit multi-tool expression); fail CI on mismatch. Add NPSL + dual-truth unit tests."
P15-6,P1,bug,copy,AGPL policy dual-truth: “legal review” prose vs unconditional Blocked in code,S,no,none,15-oss-advocate.md,"Align all policies: AGPL/SSPL/BSL/Commons Clause/PolyForm = **Blocked, never installable**. Keep GPL/LGPL as RequiresLegalReview. Fix root OPEN_SOURCE_POLICY bullet."
P15-7,P1,improvement,engines,NPSL treated as generic Allowed while redistributed in runner-agent,M,no,theme (prior OSS F3),15-oss-advocate.md,Add NPSL (and similar “not pure permissive”) pattern → `RequiresLegalReview` or `AllowedWithObligations` with mandatory notice bundle; document agent image redistribution; fix module license to NPSL.
P15-8,P1,feature,engines,Engine Lab BYO license acceptance is plan-only; runtime is hard-deny with no accept path,L,no,theme (Wave A license honesty),15-oss-advocate.md,"Implement Phase 0–1 before marketing Engine Lab: acceptance artifact, gate install on current pin+text hash, audit actor/time, then install/verify/enable. Keep Blocked (AGPL) non-installable."
P15-9,P1,improvement,engines,Catalog lacks integrity/upstream license URL fields required by Engine Lab Phase 0,L,no,none,15-oss-advocate.md,Extend shared schema + toolchain for integrity fields; verify before enable; refuse install without expected digest for review tools.
P15-10,P1,bug,copy,Nuclei missing template name defaults to Periscan-branded string,S,no,theme (prior OSS F2),15-oss-advocate.md,Fallback to `template-id` only or `'Unknown template'`; keep profile name (`safe-baseline`) as separate field (already present).
P15-11,P1,bug,engines,Module certification certifies dual-truth and does not fail on tool↔module license mismatch,M,no,U-18 (stale cert report theme; this is the license slice),15-oss-advocate.md,Hard-fail when any `toolIds` entry’s license/policy disagrees with module license/licenseRisk; regenerate report after fix.
P15-12,P2,improvement,compliance,"THIRD_PARTY_NOTICES is a license inventory table, not attribution notices",M,no,none,15-oss-advocate.md,"Keep inventory tables; add section for **redistributed runtime binaries** with project name, copyright, SPDX, upstream URL, and license text path. Split first-party Proprietary modules from third-party table."
P15-13,P2,request,other,No root CONTRIBUTING.md or public OSS adapter contribution guide,S,no,theme (prior OSS F5),15-oss-advocate.md,"Add short `CONTRIBUTING.md`: license field rules (SPDX from upstream only), no Proprietary for third-party tools, intake API path, certification checklist, Engine Lab acceptance model, link to adapter spec."
P15-14,P2,improvement,gtm,Marketplace honesty: dual surfaces + legal-review dead-end without BYO story,L,yes,U-03 / U-16 (surface zoo),15-oss-advocate.md,Single marketplace home (`/engines`) with three license lanes; legal-review cards show **Review license & install** only after Phase 1; Blocked = Not available. Demote Registry Center to certification factory.
P15-15,P2,bug,ops,Module certification report is stale relative to module catalog growth,S,no,U-18,15-oss-advocate.md,Regenerate in `pnpm verify`; fail if report drift; or stop committing and generate in CI artifact only.
P15-16,P2,bug,engines,Adapter contract text violated by current manifests,S,no,U-04,15-oss-advocate.md,Spec compliance test in certification; update examples in adapter spec with correct SPDX samples.
P15-17,P2,improvement,other,No repository root LICENSE clarifies Periscan product vs engine licenses,S,no,none,15-oss-advocate.md,Add proprietary LICENSE (or BUSL/source-available if chosen) + README pointer: engines under their SPDX; product under LICENSE; notices under `licenses/THIRD_PARTY_NOTICES.md`.
P15-18,P2,improvement,copy,“Never raw tool branding as primary UX” over-read as erase-upstream risk,S,no,theme (prior OSS F4),15-oss-advocate.md,"Rewrite to: “Primary UX is Periscan proof language; **always attribute** engine name + SPDX in module detail, evidence methodology, and Engine Lab cards.”"
P15-19,P2,bug,security,ScoutSuite installed into default image despite RequiresLegalReview,M,no,U-04,15-oss-advocate.md,Remove scoutsuite from default image; fixture/import-only until Engine Lab acceptance exists; fix module license to GPL-2.0 + RequiresLegalReview risk.
P15-20,P2,improvement,engines,License summary API is inventory-only; no acceptance/obligation export for auditors,M,no,none,15-oss-advocate.md,"After Phase 1 model, add acceptance export (CSV/JSON) with toolId, version, SPDX, text hash, actor, timestamp; surface in Trust pack."
P15-21,P3,improvement,copy,Toolchain notes sometimes over-claim breadth beyond liveSupported,S,yes,theme (prior OSS F7),15-oss-advocate.md,Notes must mirror `policyStatus` + `liveSupported` + phase; move roadmap color to ROADMAP.md only.
P15-22,P3,innovation,engines,Engine Lab license lanes + digest theater are the right productization of OSS respect,XL,no,none  ---,15-oss-advocate.md,"After Phase 0 metadata truth, ship Phase 1–2 as the **public OSS respect demo** for design partners. Measure: 100% review tools with acceptance before enable; 0 digest-mismatch Installed."
P16-1,P1,bug,a11y,Nested main via PageShell under AppShell,S,no,U-13,16-accessibility.md,"Change PageShell root to `<div>` or `<section>` (keep spacing classes). Update `page.test.tsx` to assert layout container, not second main. Add Playwright assert: `page.getByRole('main').count() === 1` on shell routes."
P16-2,P1,bug,a11y,Snapshot report nests a second main,S,no,U-13,16-accessibility.md,Use `<article>`/`section` with `aria-busy` when rendered inside AppShell; only bare print layout may use solitary `main`.
P16-3,P1,bug,a11y,Bare demo main missing skip target id,S,no,none,16-accessibility.md,"On every bare `main`, set `id='main-content' tabIndex={-1}` consistently with auth/welcome forms."
P16-4,P1,bug,a11y,"Product help drawer: Escape + initial focus, no trap, no restore",M,no,U-13,16-accessibility.md,"Shared dialog primitive: trap focus in drawer, `inert` or `aria-hidden` on shell while open, restore focus to help trigger on close."
P16-5,P1,bug,a11y,ConfirmDialog claims focus trap; implements none; confirm-first risk,M,no,U-13,16-accessibility.md,"Real focus trap; for non-phrase destructive, initial focus on **Cancel**; keep phrase-gate focus on input; restore focus to opener."
P16-6,P1,bug,a11y,"Command palette dialog + incomplete listbox (no trap, no activedescendant)",M,no,U-13,16-accessibility.md,Prefer combobox pattern (`role='combobox'` + `aria-controls` listbox + `aria-activedescendant`) **or** roving tabindex on options; document Escape; trap + restore; decorative icons `aria-hidden`; group labels via `role='group'` / separate lists.
P16-7,P1,bug,mobile,"Mobile nav drawer lacks Escape, focus management, modal semantics",M,yes (long rail worsens drawer length),U-13,16-accessibility.md,Treat as modal drawer: Escape closes; focus first nav link or close control; trap; `aria-expanded` on hamburger; label drawer `nav`/`dialog`; restore focus.
P16-8,P1,bug,a11y,Account menu: role=menu without keyboard menu model,S,no,none,16-accessibility.md,Either implement full menu keyboard model **or** drop `role='menu'` and use a disclosure/popover with normal tab order + Escape.
P16-9,P1,improvement,a11y,Focus-visible inconsistent on shell chrome (2.4.7 / 1.4.11),S,no,U-13,16-accessibility.md,Global interactive chrome utility matching Button rings; prefer ring over border-only for inputs/selects; optional skip-land ring on main or move focus to first `h1`.
P16-10,P2,improvement,design-system,text-subtle + 9–10.5px mono risk AA contrast/legibility,S,no,none,16-accessibility.md,Raise subtle toward `#8fa4c4`+ for text; reserve true subtle for non-essential chrome; min 12px for essential meta; re-run axe `color-contrast` on dense panels (included in WCAG tags when content is painted).
P16-11,P2,bug,mobile,Touch targets under 24px / 44px on shell and kit,S,no,none,16-accessibility.md,Min 24×24 hit area (padding if visual stays small); shell account ≥36–44px; InfoPopover hit slop.
P16-12,P2,improvement,a11y,Placeholder-as-label pattern on filters and forms,M,yes (many workbenches copy the pattern),none,16-accessibility.md,Visible caption labels + `htmlFor`/`id`; placeholder only as format hint; `aria-label` as supplement not sole name when UI is visual.
P16-13,P2,bug,a11y,LoadingSkeleton is aria-hidden with no companion live status,S,no,none,16-accessibility.md,Companion visually optional `<span role='status' className='sr-only'>Loading…</span>` or parent `aria-busy='true'` + status text while skeleton shows.
P16-14,P1,improvement,a11y,"Axe gate gaps: WCAG tags only, dual nav list, thin overlay coverage",M,yes,"U-03, U-13",16-accessibility.md,(1) single-main custom assert; (2) optional best-practice job; (3) axe against `PRIMARY_NAV_ITEMS` + critical deep links; (4) open palette/help/confirm/mobile; (5) bare auth routes; (6) wait for stable heading before analyze.
P16-15,P1,bug,proof-loop,"Hop measure keyboard path incomplete (busy, focus, disabled reason)",M,no,U-05 (functional) + U-13 (focus),16-accessibility.md,"Use `Button loading` or set `aria-busy`; `aria-disabled` + `aria-describedby` pointing at blocked message; after launch, focus result card heading or announce via assertive live region for Denied; e2e keyboard journey on hop measure; keep blocked-state links as real focusable targets."
P16-16,P2,bug,a11y,Command palette search status not a live region; Escape scoped to input,S,no,none,16-accessibility.md,Live region for searching/results count; document-level Escape while open; trap focus so Escape always applies.
P16-17,P2,improvement,findings,Findings expand control lacks focus ring and aria-controls,S,no,U-11 (findings ops — expand is the UI vehicle),16-accessibility.md,Focus ring on expand button; `aria-controls` → panel id; optional `aria-label` including finding title if visible text truncates.
P16-18,P2,bug,a11y,PageShell unit test and globals main styles reinforce dual-main,S,no,U-13,16-accessibility.md,Change test contract first in same PR as PageShell element swap; scope legacy `main` styles to auth/public classes only.
P16-19,P3,improvement,a11y,InfoPopover uses role=tooltip with click toggle,S,no,none,16-accessibility.md,Use disclosure (`aria-expanded` + show/hide without tooltip role) or proper dialog; only set `aria-describedby` when open.
P16-20,P2,improvement,a11y,Palette launcher missing aria-haspopup; tenant chevron looks like a menu,S,no,none  ---,16-accessibility.md,`aria-haspopup='dialog'` on palette launcher; rename tenant control copy (“Open portfolio”) or use a real tenant switcher pattern.
P17-1,P0,feature,auth,No inbound SCIM for Periscan user lifecycle,L,no,U-19,17-enterprise-buyer.md,Implement SCIM 2.0 Users/Groups against tenant memberships **or** publish a contractual “sales-assisted provisioning SLA” and remove SCIM from Phase 8 “Implemented” / acceptance language until true. Distinguish product SCIM from CyberArk inventory SCIM in all RFP responses.
P17-2,P0,feature,auth,SSO has no group → role claim mapping,M,no,U-19,17-enterprise-buyer.md,"Add configurable claim/group → `MembershipRole` map (with deny-by-default, last-owner protection, audit on role change from SSO). Document claim conventions in Trust Center."
P17-3,P1,feature,security,No tenant force-MFA policy (optional user MFA only),M,no,U-19,17-enterprise-buyer.md,Tenant Admin setting `mfaRequired: true` with grace period + login block + admin report of non-enrolled users; combine with SSO-enforced as preferred path.
P17-4,P0,improvement,compliance,"“SOC 2 pack” is thin customer evidence, not vendor attestation",M (rename/disclosure S; full vendor SOC 2 program XL),no,U-24,17-enterprise-buyer.md,Rename UI to “Customer SOC 2 *support evidence*”; publish separate Trust Center “Periscan vendor compliance” with status (None / In progress / Report under NDA). Expand control matrix only when measured mappings exist (agree U-24).
P17-5,P0,feature,security,DPA / BAA / subprocessors not default-ready for legal redlines,M,no,Wave C #17 (previous synthesis),17-enterprise-buyer.md,"Ship Trust Center page with versioned DPA PDF, subprocessor table (AWS/GCP/email/etc.), data categories processed, deletion/export process; keep env override for customer-specific BAA. Never ship empty list as “none.”"
P17-6,P1,feature,mssp,Billing is a ledger without procurement settlement,L,yes,U-19; Horowitz “ledger without a bank”,17-enterprise-buyer.md,"Keep processor honesty; add **Order form / Invoice lifecycle** (external invoice ID, amount optional, signed PDF store, entitlement binding) and Marketplace Limited qualification checklist as explicit sales engineering gate. Collapse package zoo to 2–3 RFP SKUs."
P17-7,P1,feature,ops,No public SLA status page or contractual uptime surface,M,no,U-19,17-enterprise-buyer.md,"Stand up external status page (even manual at first); document support hours, severity matrix, RTO/RPO for control plane vs runner; link from Trust Center. Do not invent 99.99% claims without measurement."
P17-8,P1,feature,auth,“Advanced RBAC” claimed; product has six fixed roles only,L (true advanced); S (honesty rename),no,U-19; PRD-PHASE-005 overclaim risk,17-enterprise-buyer.md,Either implement custom role claims (permission sets) **or** rename PRD/acceptance to “baseline multi-role RBAC” and sell advanced RBAC as roadmap with date. Map GRC persona to Viewer + report scopes.
P17-9,P1,improvement,security,Residency exists but multi-region/trust proof is deployment-fragile,M,no,none (improves prior residency critique),17-enterprise-buyer.md,Sales SKU “EU residency” that only provisions when EU storage endpoints health-check green; show continuous residency attestation in Trust Center + isolation proof pack; document SCC/transfer basis in DPA.
P17-10,P1,feature,integrations,"Audit is pull-export, not SIEM-stream enterprise monitoring",M,no,"U-08, U-21",17-enterprise-buyer.md,Add signed webhook event family for security-relevant audit actions + optional S3/GCS batch export; document completeness; fix `policy.denied` emit-or-remove (U-08). Keep CSV for offline legal holds.
P17-11,P2,feature,security,No BYOK / customer-managed encryption keys,XL (full BYOK); S (honest disclosure),no,none,17-enterprise-buyer.md,Phase 1: document platform KMS + annual rotation under DPA. Phase 2: optional customer AWS KMS CMK for evidence bucket. Do not advertise BYOK until implemented.
P17-12,P0,bug,gtm,RFP/Phase 8 “SCIM + advanced RBAC” proven by string presence tests,S,no,"U-07, U-19",17-enterprise-buyer.md,Split PRD tokens: `SCIM-inbound-user-provisioning` vs `SCIM-connector-cyberark-readonly`. Require route/OpenAPI operation existence for Implemented. Freeze Leading/Implemented without executable proof (agree Slice 10 blind rescore).
P17-13,P1,improvement,gtm,Feature zoo confuses RFP scope and expands risk questionnaires,M,yes,"U-03, U-16",17-enterprise-buyer.md,RFP response pack = Snapshot + Paths + Findings + Remediation + Evidence + SSO + Audit + Trust Center only. Move Autonomous/MCP/Swarm to Labs with explicit “not in scope for this agreement” schedule. Agree U-03/U-16 packaging.
P17-14,P2,feature,auth,JIT provisioning absent; SSO is invite-gated,M,no,U-19,17-enterprise-buyer.md,Optional JIT flag: domain allowlist + default role Viewer + audit `user.jit_provisioned`; still prefer SCIM for disable/delete.
P17-15,P1,request,gtm,No customer-facing security questionnaire / trust pack artifact set,M,no,Wave C #17,17-enterprise-buyer.md,"Create `docs/trust/` or public site: architecture diagram, data flow, subprocessors, DPA, encryption, SSO/SCIM status (honest), backup/RTO, vulnerability disclosure, pen-test request under NDA. Version it with product releases."
P17-16,P2,improvement,api,Marketplace procurement gate honest but commercially incomplete,L (business); S (product already mostly ready),no,none,17-enterprise-buyer.md,Treat Marketplace Public as a **go-to-market milestone** equal to SOC pack; do not expand connector zoo before listing qualifications complete.
P17-17,P2,improvement,security,Isolation proof pack is strong; buyer cannot use it as vendor assurance alone,S,no,U-07,17-enterprise-buyer.md,Position isolation pack as customer evidence; pair with third-party test summary in Trust Center. Keep generating pack — do not sell it as Type II.
P17-18,P2,request,ops,"Support / incident contact is env-deployed, not contractual product surface",S,no,U-19  ---,17-enterprise-buyer.md,Publish support policy (S1–S4) with response targets; surface status page + support email in Trust Center; keep customer success owner field already used in subscription lifecycle.
P18-1,P0,bug,findings,occurrenceCount / fingerprint / rootCause invisible in findings UI,S,no,U-11,18-soc-analyst.md,"On collapsed row: badge `×N` when `occurrenceCount > 1`, first/last seen in mono meta, one-line `rootCauseSummary` in expand. Optional truncated fingerprint (8 hex) with copy. Add columns to CSV. Never upgrade claim language from grouping."
P18-2,P0,improvement,findings,Default All queue keeps FalsePositive and Suppressed in priority sort,S,no,U-11,18-soc-analyst.md,"Add **Active** saved view (status not Fixed/settled; disposition ∉ {FalsePositive, Suppressed}; optional hide Approved AcceptedRisk). Make Active the default landing and Command Center “New findings” deep-link target. Keep All as explicit “include closed noise.”"
P18-3,P0,bug,findings,"Priority · unowned uses disposition.ownerId (AcceptedRisk-only), ignores finding.ownerId / remediation owner",S,no,U-11,18-soc-analyst.md,Unowned = `priorityScore >= 70` and no remediation owner (`!finding.ownerId && !finding.ownerDisplay` or no open related remediation). Surface owner/SLA chips on the row from projected fields. Align product-help “Priority · unowned” copy.
P18-4,P1,improvement,findings,Badge soup on every row — five concurrent state languages,M,no,U-15 (severity map inconsistency theme; here density),18-soc-analyst.md,Collapsed: severity + one “proof” chip (validation/exploit condensed) + disposition if set. Move full strip to expand. Make severity distribution chips **clickable filters** (today they are non-interactive spans ~363–378).
P18-5,P1,improvement,findings,Client-only filter over full listFindings(); title-only search; API filter unused,M,no,none,18-soc-analyst.md,Pass active filters to `listFindings`; expand search to match API; document limit/offset in UI; consider cursor when volume grows.
P18-6,P1,feature,findings,No mandatory FP/Suppress reason taxonomy; InfoPopover mentions “duplicate” without Duplicate disposition,M,no,none,18-soc-analyst.md,"Require note or reason code for FalsePositive/Suppressed (OutOfScope, DuplicateObservation, Benign, Lab, ToolNoise, Other). Prefer fingerprint-linked “same root cause” over a Duplicate enum if grouping is authoritative. Align InfoPopover copy with enum."
P18-7,P1,improvement,findings,Bulk triage is disposition-only; no bulk rem route / hide-until / select-filtered-all,M,no,none,18-soc-analyst.md,Select-all-filtered (with cap + confirm); bulk Escalated → optional owner note; bulk “Active hide” as disposition FP/Suppress with reason; keep AcceptedRisk dual-control fields as today.
P18-8,P1,bug,evidence,ENTITY_ROUTE missing Finding (and signal); reverse pivot from ledger is text-only,S,no,none,18-soc-analyst.md,Map `Finding` → `/findings?q=` or future `/findings?findingId=`; expand finding when API supports get-by-id deep link. Add signal envelope route if used as related type.
P18-9,P1,bug,evidence,Threat Center evidence chips are non-clickable full UUIDs,S,no,U-23,18-soc-analyst.md,Reuse findings chip pattern: short id + link to ledger query. Prefer shared `EvidenceIdChip` component.
P18-10,P1,feature,other,Threat alert → investigation deep-links missing (scope/finding/path),M,no,U-23,18-soc-analyst.md,"Link `matchedScopeId` → Assets/Scope or authorized target; “Search findings for matched value”; if catalog CVE, prefill findings search. Bulk Acknowledge/Dismiss for storms. Explicit empty: “No tenant finding yet.”"
P18-11,P1,improvement,nav,Dual threat surfaces + Autonomus/Intel zoo on primary rail,M,yes,U-16,18-soc-analyst.md,Persona rail: one **Threat** entry (alerts default). Labs for Swarm/MCP/Workflows. Collapse ATT&CK under help/catalog. Single nav source.
P18-12,P1,feature,paths,Attack path detail has no reverse list of citing findings,M,no,none,18-soc-analyst.md,Path detail panel: “Findings citing this path” via client filter on `relatedPathIds` or API `assetId`/path filter if added. Show disposition + priority.
P18-13,P1,improvement,findings,Remediation meta is count → /remediation list; multi-path create uses only first relatedPathIds[0],S,no,U-12 (ticket on rem detail theme; handoff completeness),18-soc-analyst.md,List each `relatedRemediationIds` as links to `/remediation/{id}`. Path picker when `relatedPathIds.length > 1`. Prefer path with highest risk / choke annotation when auto-selecting.
P18-14,P2,improvement,findings,"CSV / SOAR export omits fingerprint, occurrence, root cause, assets",S,no,U-11,18-soc-analyst.md,"Add fingerprint, occurrence_count, root_cause_summary, first_seen, last_seen, related_path_ids, owner_display, sla_due_at."
P18-15,P2,feature,other,No single chronological “investigations / case” feed across findings + threat alerts + risk approvals,L,no,U-23,18-soc-analyst.md,"Needs-you expandable list with mixed work types sorted by urgency (Critical finding > Pending risk > New alert), each with deep link. Longer-term: investigation timeline from audit events (`finding.disposition_changed`, threat alert status)."
P18-16,P2,feature,findings,No snooze / revisit for Suppressed; only AcceptedRisk has expiry governance,M,no,none,18-soc-analyst.md,Optional `revisitAt` for Suppressed (lighter than dual-control risk accept); expire → disposition clear + status signal Reopened/NeedsReview narrative without claiming Fixed.
P18-17,P2,improvement,findings,Signal-sourced titles remain terse; weak ticket titles without expand,M,no,none,18-soc-analyst.md,Secondary line: rootCauseSummary or first related asset + occurrence. Prefer title enrichment at build time when assets known.
P18-18,P2,innovation,findings,Disposition and module feedback loop absent — FP never trains “don’t raise again”,L,no,U-11,18-soc-analyst.md,Persist disposition by **fingerprint** (with care — comments in runtime-services warn not to re-key casually ~7812–7813). Add “Mute fingerprint until…” for Suppressed. Export FP reasons for module owners. Do not auto-upgrade claims.
P18-19,P2,improvement,performance,Non-streaming polls (45s findings / 60s dashboard & threat) without “new since last visit” markers,M,no,none,18-soc-analyst.md,Keep non-streaming honesty in copy; add “N new since HH:MM” chip when findingIds appear; optional focus mode sort by lastSeenAt when occurrence fields are visible.
P18-20,P3,request,other,World catalog actions: search findings by CVE / copy IOC / open advisory,M,yes,U-23  ---,18-soc-analyst.md,"Per catalog row: Copy ID/CVE, “Search findings,” “Open in Threat Center” if advisory exists, optional “Request validation mission” gated by policy."
P19-1,P0,improvement,competitive,Own AEV/proof home; refuse BAS library bake-offs,S,no,U-26,19-competitive-intel.md,Publish a one-page battlecard: **Home = AEV/CTEM proof layer**. Explicit “we do not sell scenario-library BAS parity.” Demo script order: verified scope → measured probe → Fixed demotion → evidence pack. Train SE to walk away from full BAS RFPs or partner.
P19-2,P0,improvement,competitive,Co-exist with Wiz — never “replace CNAPP”,M,no,U-27,19-competitive-intel.md,Integration marketplace copy + sales deck: **“Bring Wiz inventory; we prove which path is real and whether the fix held.”** Ship a named “Wiz → Attack Path → Remediation” recipe (docs + mission pack). Do not build CNAPP UI.
P19-3,P0,improvement,competitive,Co-exist with Tenable — validation on top of RBVM,M,no,U-28,19-competitive-intel.md,Productize scan import (API route + Integrations UI “Import Nessus/SARIF”) wired into signal fabric; battlecard: **Tenable finds; Periscan validates & verifies fix.** Keep Tenable as system of vuln record.
P19-4,P0,improvement,competitive,Pentera gap is deliberate — weaponize the safety floor,S,no,U-29,19-competitive-intel.md,"Deny-list phrase: **“not automated pentest.”** Positive phrase: **“governed continuous validation with a hard floor that never lifts.”** Competitive win = auditability + Fixed honesty + MSSP multi-tenant, not kill-chain theater. Keep live offensive kits disabled without approval to change policy."
P19-5,P1,improvement,competitive,Nuclei is commodity — compete on authorized workflow,S,no,U-30,19-competitive-intel.md,Market **authorized External PoA**: verified scope → policy preview → bounded profiles → normalized findings → remediation → retest ledger. Never lead with “we run Nuclei.” Hide raw template branding per `OPEN_SOURCE_VALIDATION_ENGINES.md`.
P19-6,P1,improvement,competitive,Microsoft Defender = gravity; complement only,M,no,U-31,19-competitive-intel.md,"Battlecard: **Defender for endpoint/email telemetry; Periscan for cross-stack path proof, external PoA, hybrid/non-MS assets, MSSP multi-client evidence.** Build one “Defender technique → control coverage → miss/logged-only” demo path; never claim SIEM/XDR replacement (agrees Blue Team prior panel)."
P19-7,P0,bug,gtm,Scorecard inflation vs competitive matrix (trust poison),M,no,U-07,19-competitive-intel.md,Freeze export of Leading for rows where matrix ≠ Fully-E2E or Slice incomplete. Blind rescore (Slice 10). Map scorecard verdicts 1:1 to matrix Fully-E2E/Partial/Scaffold. Sales must use matrix language until rescore.
P19-8,P0,improvement,proof-loop,Flagship differentiator still Slice-3 gated,L,no,U-05,19-competitive-intel.md,Do not open new product surface until hop measure CTA + receipt durability + correlation honesty are green (U-05/U-06). Competitive KPI: **% of demo paths with fullyMeasured=true**.
P19-9,P0,feature,engines,Engine Lab is the latent category weapon — still a plan,L,yes,none,19-competitive-intel.md,"Execute Engine Lab Phases 0–2: rename Operate→**Engines**, one-button install sheet, empty-state deep links from modules missing tools. Market as **“proof engines, App Store-style, your license, our safety gates.”** Do not claim product readiness until UI v1 ships."
P19-10,P1,bug,engines,Module license dual-truth undermines Engine Lab credibility,M,no,U-04,19-competitive-intel.md,"Align module SPDX with toolchain catalog before any Engine Lab GTM; regenerate certification report (stale 2026-06-24, ~40 modules vs expanded set — U-18)."
P19-11,P1,improvement,nav,Feature zoo vs focused peers (AttackIQ/Cymulate/Wiz ship a spine),M,yes,"U-03, U-16",19-competitive-intel.md,Persona rail ≤10: Dashboard · Missions · Paths · Findings · Remediation · Schedules · Runners · Integrations · Reports · Evidence (+ Admin). Move Autonomous + MCP + Swarm + Model Gateway to **Labs**. Merge Threat Center/Feed/ATT&CK; merge Validation Ops/Signal Activity; rename Tool Governance → Engines when Lab ships.
P19-12,P1,improvement,competitive,Control validation loses AttackIQ demos without stimulus,L,no,U-26,19-competitive-intel.md,"Build one governed safe-stimulus path (single technique family) with marker evidence; keep library breadth out of scope. Competitive message: **“one proven inject loop beats 5,000 simulated scenarios without receipts.”** Align with Slice 5."
P19-13,P1,improvement,competitive,Compliance Leading claims vs scaffold packs (regulated RFP lose),M,yes,U-24,19-competitive-intel.md,Demote Compliance nav priority until matrix → Partial with real control→evidence maps. Sales deny-list: “we make you DORA compliant.” Allow: “we attach measured validation evidence to framework claims.”
P19-14,P1,feature,integrations,Integration breadth is real — depth uneven vs market leaders,M,yes,none,19-competitive-intel.md,"Publish **connectable vs planned vs mock** counts in marketplace and security questionnaire. Top-N stack (Wiz, Tenable, CrowdStrike, Splunk/Sentinel, Jira/ServiceNow, AWS/Azure/GCP, Defender, GitHub) get GA depth badges; stop expanding catalog as competitive KPI."
P19-15,P1,request,gtm,No customer references → Wave/MQ automatic fail,"XL (program, not engineering)",no,U-25,19-competitive-intel.md,Three design partners on the narrow wedge only (external PoA + fix verify + one path). Capture referenceable quote on **Fixed demotion** and **Measured labels**. Do not pursue Wave/MQ until references exist.
P19-16,P2,innovation,engines,OSS engine adapter framework as anti-Nuclei-SaaS moat,L,yes,none,19-competitive-intel.md,"Position Engine Lab + certified modules as **“security tool runtime with proof SLAs”** — innovate on install/verify/enable UX and mission deep-links, not on adding more uncertified tools."
P19-17,P2,improvement,competitive,Choke-point “Leading” overstates graph science vs XM Cyber / Wiz,L (solver) / S (relabel),no,U-07,19-competitive-intel.md,Either implement real choke solver (strategy Build-next) or re-label product copy to **“evidence-backed path breakers”** and remove Leading. Prefer honesty until algorithm ships.
P19-18,P2,improvement,competitive,Auto-mitigate naming vs AttackIQ/RemOps expectations,S,no,none,19-competitive-intel.md,Rename product/API surface to **Auto-revalidate** until real approved control push exists. Competitive honesty > feature-name parity.
P19-19,P2,feature,competitive,Continuous cadence gap vs “always-on” BAS marketing,M,no,none,19-competitive-intel.md,Claim **scheduled + revalidation + signal-triggered** (what exists). Add sub-daily only when ops-proven. Do not use “continuous” without qualifier.
P19-20,P1,improvement,gtm,Deny-list must be productized (shared claim-language for GTM),S,no,theme (proof not claims)  ---,19-competitive-intel.md,Ship `/trust-safety` or public doc section: **Capabilities we prove / Capabilities we integrate / Capabilities we refuse.** Align with deny-list in §3. Require sales enablement review on every new nav item in Autonomous.
P20-1,P0,bug,api,policy.denied is cataloged and subscribable but never emitted,M,no,U-08,20-api-platform.md,"Either (a) emit `policy.denied` with policyDecisionId, missionId/scopeId, rationale when gate is Denied / job status DeniedByPolicy, or (b) remove from schema + UI until implemented. Prefer (a). Add acceptance test: deny → delivery row."
P20-2,P0,bug,api,OpenAPI list schemas omit real pagination envelopes (docs lie),M,no,U-21,20-api-platform.md,Introduce shared `PageEnvelope` / `CursorEnvelope` JSON Schemas; map each list op honestly; document `offset`/`cursor`/`limit`; add contract tests comparing swagger schema required properties to fixture responses.
P20-3,P1,feature,api,No wait / long-poll / Operation-status endpoints for async proof work,L,no,theme (API platform / headless),20-api-platform.md,Add `GET /api/v1/missions/:id/wait?timeoutMs=` (or job-level) returning 200 terminal body or 408; optionally `AsyncOperation` resource with status URL; document poll interval headers (`Retry-After`).
P20-4,P0,improvement,api,OpenAPI lacks securitySchemes — auth is discoverable only by tribal knowledge,S,no,U-21 (adjacent contract honesty),20-api-platform.md,"Declare `ApiKeyBearer` (http bearer, description: `psk_` prefix) + `SessionCookie`; default security on non-system routes; document tenant header behavior (API keys ignore tenant header)."
P20-5,P1,improvement,api,Webhook catalog is thin vs product event vocabulary,M,no,U-21,20-api-platform.md,"Add at least: `remediation.verified` (payload: remediationId, outcome, evidenceIds), `finding.updated` (status/disposition), `mission.started`, `job.denied_by_policy` (or fold into fixed `policy.denied`). Version the catalog."
P20-6,P1,improvement,ai-agents,MCP is correctly read-only but incomplete for analyst copilots and rate-limit bypassed,M,yes (MCP product rail oversell — demote to Labs until complete),theme (Jobs/Horowitz hide MCP; API prior ~3.9),20-api-platform.md,"Keep write ban forever; add read tools for remediations, open missions, evidence-by-finding; re-enable rate limit (or lower dedicated MCP budget); require API key scopes include `read`."
P20-7,P1,feature,api,"Idempotency is local, body-only, and missing from core proof-loop POSTs",L,no,none,20-api-platform.md,Standard `Idempotency-Key` header middleware for selected POSTs; store hash of canonical body; return first response on replay; document in OAS.
P20-8,P1,feature,api,No first-class proof-loop scripts / SDK package for automation consumers,L,no,theme (API-first breadth without consumability),20-api-platform.md,Extract `@periscan/client` from shared schemas + truthful OpenAPI; add `examples/proof-loop.sh` (create scope → mission → poll/wait → remediate → verify); pin to `info.version`.
P20-9,P1,improvement,api,"Async operations API is operator reconciliation, not a general async jobs fabric",S (docs) / L (real operations resource),yes (naming zoo),none,20-api-platform.md,Rename tags/docs to `async-operations-reconciliation`; introduce separate `operations` resource if wait semantics land; document non-goals in API reference.
P20-10,P2,improvement,api,OpenAPI product version stuck at 0.2.0 without changelog discipline,S,no,none,20-api-platform.md,Semver `info.version` from package/release; `CHANGELOG-API.md`; sunset headers for retired routes (e.g. asset valuation 410 already exists—document pattern).
P20-11,P1,feature,api,No bulk mutation APIs for findings/remediations/assignments,M,no,U-11 / Slice 4 (findings ops),20-api-platform.md,"`POST /api/v1/findings/bulk` (disposition, owner, max 100 ids, partial results); `POST /remediations/reverify-due` already exists—extend with explicit id list bulk verify preview."
P20-12,P1,feature,engines,Engine / Lab API needs are under-served for customer automation,L,yes (tool-intake zoo vs lab run wedge),theme (Slice 9 scaffold engines gated),20-api-platform.md,"`POST /api/v1/lab/runs` (moduleIds[], scopeId, safetyLevel, policyDecisionId required) → job + evidence; status in jobs API; webhook `lab.run.completed`. Keep destructive modules gated."
P20-13,P2,bug,api,"Unbounded list endpoints for core entities (paths, remediations)",M,no,U-21,20-api-platform.md,Cursor/limit+hasMore on paths and remediations; default limit 50; filters by status/validationState.
P20-14,P2,improvement,integrations,Webhook secret rotation and dead-letter redrive missing,M,no,U-21,20-api-platform.md,`POST /webhooks/:id/rotate-secret` (returns new secret once); `POST /webhooks/deliveries/:id/redrive` resetting attempts under admin role; document signing verification samples.
P20-15,P2,security,api,Rate-limit key uses raw API key material,S,no,none,20-api-platform.md,Hash key (SHA-256) or use apiKeyId after auth; never store raw secret as rate-limit identity.
P20-16,P2,improvement,api,Webhook payload schemas not published (type-only catalog),M,no,U-21,20-api-platform.md,Zod schemas per event type in `@periscan/shared`; export JSON Schema under `/api/v1/webhooks/event-catalog`; contract tests on emit payload parse.
P20-17,P2,improvement,api,API key scopes are role-coarse; not capability-scoped for automation least privilege,L,no,theme (enterprise buyer / CISO),20-api-platform.md,"Expand scopes (or resource permissions) for mission:run, remediation:write, webhook:admin, audit:read; enforce in `requireRole` sites or dedicated guards."
P20-18,P2,request,api,Partial OpenAPI payload coverage without machine-readable “undocumented payload” marker,M,no,theme (API-first),20-api-platform.md,Emit `x-periscan-payload-documented: true|false` extension per op; CI metric % documented; prioritize proof-loop ops to 100%.
P20-19,P3,innovation,api,Dual auth modes undocumented for multi-tenant automation (cookie vs key + tenant header),S,no,theme (MSSP multi-tenant architecture excellence),20-api-platform.md,Document `x-periscan-tenant-id` (or actual header name) globally; MSSP examples for portfolio → client tenant key pattern; forbid session cookies for pure machine clients in docs.
P20-20,P3,improvement,ops,Evidence list is limit-only without hasMore/cursor,S,no,Slice 7 (evidence explorer)  ---,20-api-platform.md,Same page envelope as findings; cursor by evidenceId/createdAt.
